This is pdfTeX, Version 3.141592653-2.6-1.40.28 (TeX Live 2025) (preloaded format=pdflatex 2025.7.27)  2 OCT 2025 13:49
entering extended mode
 restricted \write18 enabled.
 file:line:error style messages enabled.
 %&-line parsing enabled.
**/home/bobby/Projects/project-material/slides/20241007_nrw_workshop/slides.tex
(/home/bobby/Projects/project-material/slides/20241007_nrw_workshop/slides.tex
LaTeX2e <2025-06-01> patch level 1
L3 programming layer <2025-07-19>
(/home/bobby/Software/texlive/2025/texmf-dist/tex/latex/beamer/beamer.cls
Document Class: beamer 2025/06/15 v3.74 A class for typesetting presentations
(/home/bobby/Software/texlive/2025/texmf-dist/tex/latex/beamer/beamerbasemodes.sty (/home/bobby/Software/texlive/2025/texmf-dist/tex/latex/etoolbox/etoolbox.sty
Package: etoolbox 2025/02/11 v2.5l e-TeX tools for LaTeX (JAW)
\etb@tempcnta=\count275
)
\beamer@tempbox=\box53
\beamer@tempcount=\count276
\c@beamerpauses=\count277
 (/home/bobby/Software/texlive/2025/texmf-dist/tex/latex/beamer/beamerbasedecode.sty
\beamer@slideinframe=\count278
\beamer@minimum=\count279
\beamer@decode@box=\box54
)
\beamer@commentbox=\box55
\beamer@modecount=\count280
) (/home/bobby/Software/texlive/2025/texmf-dist/tex/generic/iftex/iftex.sty
Package: iftex 2024/12/12 v1.0g TeX engine tests
)
\headdp=\dimen148
\footheight=\dimen149
\sidebarheight=\dimen150
\beamer@tempdim=\dimen151
\beamer@finalheight=\dimen152
\beamer@animht=\dimen153
\beamer@animdp=\dimen154
\beamer@animwd=\dimen155
\beamer@leftmargin=\dimen156
\beamer@rightmargin=\dimen157
\beamer@leftsidebar=\dimen158
\beamer@rightsidebar=\dimen159
\beamer@boxsize=\dimen160
\beamer@vboxoffset=\dimen161
\beamer@descdefault=\dimen162
\beamer@descriptionwidth=\dimen163
\beamer@lastskip=\skip49
\beamer@areabox=\box56
\beamer@animcurrent=\box57
\beamer@animshowbox=\box58
\beamer@sectionbox=\box59
\beamer@logobox=\box60
\beamer@linebox=\box61
\beamer@sectioncount=\count281
\beamer@subsubsectionmax=\count282
\beamer@subsectionmax=\count283
\beamer@sectionmax=\count284
\beamer@totalheads=\count285
\beamer@headcounter=\count286
\beamer@partstartpage=\count287
\beamer@sectionstartpage=\count288
\beamer@subsectionstartpage=\count289
\beamer@animationtempa=\count290
\beamer@animationtempb=\count291
\beamer@xpos=\count292
\beamer@ypos=\count293
\beamer@ypos@offset=\count294
\beamer@showpartnumber=\count295
\beamer@currentsubsection=\count296
\beamer@coveringdepth=\count297
\beamer@sectionadjust=\count298
\beamer@toclastsection=\count299
\beamer@tocsectionnumber=\count300
 (/home/bobby/Software/texlive/2025/texmf-dist/tex/latex/beamer/beamerbaseoptions.sty (/home/bobby/Software/texlive/2025/texmf-dist/tex/latex/graphics/keyval.sty
Package: keyval 2022/05/29 v1.15 key=value parser (DPC)
\KV@toks@=\toks17
))
\beamer@paperwidth=\skip50
\beamer@paperheight=\skip51
 (/home/bobby/Software/texlive/2025/texmf-dist/tex/latex/geometry/geometry.sty
Package: geometry 2020/01/02 v5.9 Page Geometry
 (/home/bobby/Software/texlive/2025/texmf-dist/tex/generic/iftex/ifvtex.sty
Package: ifvtex 2019/10/25 v1.7 ifvtex legacy package. Use iftex instead.
)
\Gm@cnth=\count301
\Gm@cntv=\count302
\c@Gm@tempcnt=\count303
\Gm@bindingoffset=\dimen164
\Gm@wd@mp=\dimen165
\Gm@odd@mp=\dimen166
\Gm@even@mp=\dimen167
\Gm@layoutwidth=\dimen168
\Gm@layoutheight=\dimen169
\Gm@layouthoffset=\dimen170
\Gm@layoutvoffset=\dimen171
\Gm@dimlist=\toks18
) (/home/bobby/Software/texlive/2025/texmf-dist/tex/latex/pgf/math/pgfmath.sty (/home/bobby/Software/texlive/2025/texmf-dist/tex/latex/pgf/utilities/pgfrcs.sty (/home/bobby/Software/texlive/2025/texmf-dist/tex/generic/pgf/utilities/pgfutil-common.tex
\pgfutil@everybye=\toks19
\pgfutil@tempdima=\dimen172
\pgfutil@tempdimb=\dimen173
) (/home/bobby/Software/texlive/2025/texmf-dist/tex/generic/pgf/utilities/pgfutil-latex.def
\pgfutil@abb=\box62
) (/home/bobby/Software/texlive/2025/texmf-dist/tex/generic/pgf/utilities/pgfrcs.code.tex (/home/bobby/Software/texlive/2025/texmf-dist/tex/generic/pgf/pgf.revision.tex)
Package: pgfrcs 2023-01-15 v3.1.10 (3.1.10)
)) (/home/bobby/Software/texlive/2025/texmf-dist/tex/latex/pgf/utilities/pgfkeys.sty (/home/bobby/Software/texlive/2025/texmf-dist/tex/generic/pgf/utilities/pgfkeys.code.tex
\pgfkeys@pathtoks=\toks20
\pgfkeys@temptoks=\toks21
 (/home/bobby/Software/texlive/2025/texmf-dist/tex/generic/pgf/utilities/pgfkeyslibraryfiltered.code.tex
\pgfkeys@tmptoks=\toks22
))) (/home/bobby/Software/texlive/2025/texmf-dist/tex/generic/pgf/math/pgfmath.code.tex (/home/bobby/Software/texlive/2025/texmf-dist/tex/generic/pgf/math/pgfmathutil.code.tex
\pgf@x=\dimen174
\pgf@xa=\dimen175
\pgf@xb=\dimen176
\pgf@xc=\dimen177
\pgf@y=\dimen178
\pgf@ya=\dimen179
\pgf@yb=\dimen180
\pgf@yc=\dimen181
\c@pgf@counta=\count304
\c@pgf@countb=\count305
\c@pgf@countc=\count306
\c@pgf@countd=\count307
) (/home/bobby/Software/texlive/2025/texmf-dist/tex/generic/pgf/math/pgfmathparser.code.tex
\pgfmath@dimen=\dimen182
\pgfmath@count=\count308
\pgfmath@box=\box63
\pgfmath@toks=\toks23
\pgfmath@stack@operand=\toks24
\pgfmath@stack@operation=\toks25
) (/home/bobby/Software/texlive/2025/texmf-dist/tex/generic/pgf/math/pgfmathfunctions.code.tex) (/home/bobby/Software/texlive/2025/texmf-dist/tex/generic/pgf/math/pgfmathfunctions.basic.code.tex) (/home/bobby/Software/texlive/2025/texmf-dist/tex/generic/pgf/math/pgfmathfunctions.trigonometric.code.tex) (/home/bobby/Software/texlive/2025/texmf-dist/tex/generic/pgf/math/pgfmathfunctions.random.code.tex) (/home/bobby/Software/texlive/2025/texmf-dist/tex/generic/pgf/math/pgfmathfunctions.comparison.code.tex) (/home/bobby/Software/texlive/2025/texmf-dist/tex/generic/pgf/math/pgfmathfunctions.base.code.tex) (/home/bobby/Software/texlive/2025/texmf-dist/tex/generic/pgf/math/pgfmathfunctions.round.code.tex) (/home/bobby/Software/texlive/2025/texmf-dist/tex/generic/pgf/math/pgfmathfunctions.misc.code.tex) (/home/bobby/Software/texlive/2025/texmf-dist/tex/generic/pgf/math/pgfmathfunctions.integerarithmetics.code.tex) (/home/bobby/Software/texlive/2025/texmf-dist/tex/generic/pgf/math/pgfmathcalc.code.tex) (/home/bobby/Software/texlive/2025/texmf-dist/tex/generic/pgf/math/pgfmathfloat.code.tex
\c@pgfmathroundto@lastzeros=\count309
))) (/home/bobby/Software/texlive/2025/texmf-dist/tex/latex/base/size10.clo
File: size10.clo 2025/01/22 v1.4n Standard LaTeX file (size option)
) (/home/bobby/Software/texlive/2025/texmf-dist/tex/latex/pgf/basiclayer/pgfcore.sty (/home/bobby/Software/texlive/2025/texmf-dist/tex/latex/graphics/graphicx.sty
Package: graphicx 2024/12/31 v1.2e Enhanced LaTeX Graphics (DPC,SPQR)
 (/home/bobby/Software/texlive/2025/texmf-dist/tex/latex/graphics/graphics.sty
Package: graphics 2024/08/06 v1.4g Standard LaTeX Graphics (DPC,SPQR)
 (/home/bobby/Software/texlive/2025/texmf-dist/tex/latex/graphics/trig.sty
Package: trig 2023/12/02 v1.11 sin cos tan (DPC)
) (/home/bobby/Software/texlive/2025/texmf-dist/tex/latex/graphics-cfg/graphics.cfg
File: graphics.cfg 2016/06/04 v1.11 sample graphics configuration
)
Package graphics Info: Driver file: pdftex.def on input line 106.
 (/home/bobby/Software/texlive/2025/texmf-dist/tex/latex/graphics-def/pdftex.def
File: pdftex.def 2024/04/13 v1.2c Graphics/color driver for pdftex
))
\Gin@req@height=\dimen183
\Gin@req@width=\dimen184
) (/home/bobby/Software/texlive/2025/texmf-dist/tex/latex/pgf/systemlayer/pgfsys.sty (/home/bobby/Software/texlive/2025/texmf-dist/tex/generic/pgf/systemlayer/pgfsys.code.tex
Package: pgfsys 2023-01-15 v3.1.10 (3.1.10)
\pgf@x=\dimen185
\pgf@y=\dimen186
\pgf@xa=\dimen187
\pgf@ya=\dimen188
\pgf@xb=\dimen189
\pgf@yb=\dimen190
\pgf@xc=\dimen191
\pgf@yc=\dimen192
\pgf@xd=\dimen193
\pgf@yd=\dimen194
\w@pgf@writea=\write3
\r@pgf@reada=\read2
\c@pgf@counta=\count310
\c@pgf@countb=\count311
\c@pgf@countc=\count312
\c@pgf@countd=\count313
\t@pgf@toka=\toks26
\t@pgf@tokb=\toks27
\t@pgf@tokc=\toks28
\pgf@sys@id@count=\count314
 (/home/bobby/Software/texlive/2025/texmf-dist/tex/generic/pgf/systemlayer/pgf.cfg
File: pgf.cfg 2023-01-15 v3.1.10 (3.1.10)
)
Driver file for pgf: pgfsys-pdftex.def
 (/home/bobby/Software/texlive/2025/texmf-dist/tex/generic/pgf/systemlayer/pgfsys-pdftex.def
File: pgfsys-pdftex.def 2023-01-15 v3.1.10 (3.1.10)
 (/home/bobby/Software/texlive/2025/texmf-dist/tex/generic/pgf/systemlayer/pgfsys-common-pdf.def
File: pgfsys-common-pdf.def 2023-01-15 v3.1.10 (3.1.10)
))) (/home/bobby/Software/texlive/2025/texmf-dist/tex/generic/pgf/systemlayer/pgfsyssoftpath.code.tex
File: pgfsyssoftpath.code.tex 2023-01-15 v3.1.10 (3.1.10)
\pgfsyssoftpath@smallbuffer@items=\count315
\pgfsyssoftpath@bigbuffer@items=\count316
) (/home/bobby/Software/texlive/2025/texmf-dist/tex/generic/pgf/systemlayer/pgfsysprotocol.code.tex
File: pgfsysprotocol.code.tex 2023-01-15 v3.1.10 (3.1.10)
)) (/home/bobby/Software/texlive/2025/texmf-dist/tex/latex/xcolor/xcolor.sty
Package: xcolor 2024/09/29 v3.02 LaTeX color extensions (UK)
 (/home/bobby/Software/texlive/2025/texmf-dist/tex/latex/graphics-cfg/color.cfg
File: color.cfg 2016/01/02 v1.6 sample color configuration
)
Package xcolor Info: Driver file: pdftex.def on input line 274.
 (/home/bobby/Software/texlive/2025/texmf-dist/tex/latex/graphics/mathcolor.ltx)
Package xcolor Info: Model `cmy' substituted by `cmy0' on input line 1349.
Package xcolor Info: Model `hsb' substituted by `rgb' on input line 1353.
Package xcolor Info: Model `RGB' extended on input line 1365.
Package xcolor Info: Model `HTML' substituted by `rgb' on input line 1367.
Package xcolor Info: Model `Hsb' substituted by `hsb' on input line 1368.
Package xcolor Info: Model `tHsb' substituted by `hsb' on input line 1369.
Package xcolor Info: Model `HSB' substituted by `hsb' on input line 1370.
Package xcolor Info: Model `Gray' substituted by `gray' on input line 1371.
Package xcolor Info: Model `wave' substituted by `hsb' on input line 1372.
) (/home/bobby/Software/texlive/2025/texmf-dist/tex/latex/graphics/dvipsnam.def
File: dvipsnam.def 2016/06/17 v3.0m Driver-dependent file (DPC,SPQR)
) (/home/bobby/Software/texlive/2025/texmf-dist/tex/generic/pgf/basiclayer/pgfcore.code.tex
Package: pgfcore 2023-01-15 v3.1.10 (3.1.10)
 (/home/bobby/Software/texlive/2025/texmf-dist/tex/generic/pgf/math/pgfint.code.tex) (/home/bobby/Software/texlive/2025/texmf-dist/tex/generic/pgf/basiclayer/pgfcorepoints.code.tex
File: pgfcorepoints.code.tex 2023-01-15 v3.1.10 (3.1.10)
\pgf@picminx=\dimen195
\pgf@picmaxx=\dimen196
\pgf@picminy=\dimen197
\pgf@picmaxy=\dimen198
\pgf@pathminx=\dimen199
\pgf@pathmaxx=\dimen256
\pgf@pathminy=\dimen257
\pgf@pathmaxy=\dimen258
\pgf@xx=\dimen259
\pgf@xy=\dimen260
\pgf@yx=\dimen261
\pgf@yy=\dimen262
\pgf@zx=\dimen263
\pgf@zy=\dimen264
) (/home/bobby/Software/texlive/2025/texmf-dist/tex/generic/pgf/basiclayer/pgfcorepathconstruct.code.tex
File: pgfcorepathconstruct.code.tex 2023-01-15 v3.1.10 (3.1.10)
\pgf@path@lastx=\dimen265
\pgf@path@lasty=\dimen266
) (/home/bobby/Software/texlive/2025/texmf-dist/tex/generic/pgf/basiclayer/pgfcorepathusage.code.tex
File: pgfcorepathusage.code.tex 2023-01-15 v3.1.10 (3.1.10)
\pgf@shorten@end@additional=\dimen267
\pgf@shorten@start@additional=\dimen268
) (/home/bobby/Software/texlive/2025/texmf-dist/tex/generic/pgf/basiclayer/pgfcorescopes.code.tex
File: pgfcorescopes.code.tex 2023-01-15 v3.1.10 (3.1.10)
\pgfpic=\box64
\pgf@hbox=\box65
\pgf@layerbox@main=\box66
\pgf@picture@serial@count=\count317
) (/home/bobby/Software/texlive/2025/texmf-dist/tex/generic/pgf/basiclayer/pgfcoregraphicstate.code.tex
File: pgfcoregraphicstate.code.tex 2023-01-15 v3.1.10 (3.1.10)
\pgflinewidth=\dimen269
) (/home/bobby/Software/texlive/2025/texmf-dist/tex/generic/pgf/basiclayer/pgfcoretransformations.code.tex
File: pgfcoretransformations.code.tex 2023-01-15 v3.1.10 (3.1.10)
\pgf@pt@x=\dimen270
\pgf@pt@y=\dimen271
\pgf@pt@temp=\dimen272
) (/home/bobby/Software/texlive/2025/texmf-dist/tex/generic/pgf/basiclayer/pgfcorequick.code.tex
File: pgfcorequick.code.tex 2023-01-15 v3.1.10 (3.1.10)
) (/home/bobby/Software/texlive/2025/texmf-dist/tex/generic/pgf/basiclayer/pgfcoreobjects.code.tex
File: pgfcoreobjects.code.tex 2023-01-15 v3.1.10 (3.1.10)
) (/home/bobby/Software/texlive/2025/texmf-dist/tex/generic/pgf/basiclayer/pgfcorepathprocessing.code.tex
File: pgfcorepathprocessing.code.tex 2023-01-15 v3.1.10 (3.1.10)
) (/home/bobby/Software/texlive/2025/texmf-dist/tex/generic/pgf/basiclayer/pgfcorearrows.code.tex
File: pgfcorearrows.code.tex 2023-01-15 v3.1.10 (3.1.10)
\pgfarrowsep=\dimen273
) (/home/bobby/Software/texlive/2025/texmf-dist/tex/generic/pgf/basiclayer/pgfcoreshade.code.tex
File: pgfcoreshade.code.tex 2023-01-15 v3.1.10 (3.1.10)
\pgf@max=\dimen274
\pgf@sys@shading@range@num=\count318
\pgf@shadingcount=\count319
) (/home/bobby/Software/texlive/2025/texmf-dist/tex/generic/pgf/basiclayer/pgfcoreimage.code.tex
File: pgfcoreimage.code.tex 2023-01-15 v3.1.10 (3.1.10)
) (/home/bobby/Software/texlive/2025/texmf-dist/tex/generic/pgf/basiclayer/pgfcoreexternal.code.tex
File: pgfcoreexternal.code.tex 2023-01-15 v3.1.10 (3.1.10)
\pgfexternal@startupbox=\box67
) (/home/bobby/Software/texlive/2025/texmf-dist/tex/generic/pgf/basiclayer/pgfcorelayers.code.tex
File: pgfcorelayers.code.tex 2023-01-15 v3.1.10 (3.1.10)
) (/home/bobby/Software/texlive/2025/texmf-dist/tex/generic/pgf/basiclayer/pgfcoretransparency.code.tex
File: pgfcoretransparency.code.tex 2023-01-15 v3.1.10 (3.1.10)
) (/home/bobby/Software/texlive/2025/texmf-dist/tex/generic/pgf/basiclayer/pgfcorepatterns.code.tex
File: pgfcorepatterns.code.tex 2023-01-15 v3.1.10 (3.1.10)
) (/home/bobby/Software/texlive/2025/texmf-dist/tex/generic/pgf/basiclayer/pgfcorerdf.code.tex
File: pgfcorerdf.code.tex 2023-01-15 v3.1.10 (3.1.10)
))) (/home/bobby/Software/texlive/2025/texmf-dist/tex/latex/pgf/utilities/xxcolor.sty
Package: xxcolor 2003/10/24 ver 0.1
\XC@nummixins=\count320
\XC@countmixins=\count321
) (/home/bobby/Software/texlive/2025/texmf-dist/tex/latex/base/atbegshi-ltx.sty
Package: atbegshi-ltx 2021/01/10 v1.0c Emulation of the original atbegshi
package with kernel methods
) (/home/bobby/Software/texlive/2025/texmf-dist/tex/latex/hyperref/hyperref.sty
Package: hyperref 2025-07-12 v7.01o Hypertext links for LaTeX
 (/home/bobby/Software/texlive/2025/texmf-dist/tex/latex/kvsetkeys/kvsetkeys.sty
Package: kvsetkeys 2022-10-05 v1.19 Key value parser (HO)
) (/home/bobby/Software/texlive/2025/texmf-dist/tex/generic/kvdefinekeys/kvdefinekeys.sty
Package: kvdefinekeys 2019-12-19 v1.6 Define keys (HO)
) (/home/bobby/Software/texlive/2025/texmf-dist/tex/generic/pdfescape/pdfescape.sty
Package: pdfescape 2019/12/09 v1.15 Implements pdfTeX's escape features (HO)
 (/home/bobby/Software/texlive/2025/texmf-dist/tex/generic/ltxcmds/ltxcmds.sty
Package: ltxcmds 2023-12-04 v1.26 LaTeX kernel commands for general use (HO)
) (/home/bobby/Software/texlive/2025/texmf-dist/tex/generic/pdftexcmds/pdftexcmds.sty
Package: pdftexcmds 2020-06-27 v0.33 Utility functions of pdfTeX for LuaTeX (HO)
 (/home/bobby/Software/texlive/2025/texmf-dist/tex/generic/infwarerr/infwarerr.sty
Package: infwarerr 2019/12/03 v1.5 Providing info/warning/error messages (HO)
)
Package pdftexcmds Info: \pdf@primitive is available.
Package pdftexcmds Info: \pdf@ifprimitive is available.
Package pdftexcmds Info: \pdfdraftmode found.
)) (/home/bobby/Software/texlive/2025/texmf-dist/tex/latex/hycolor/hycolor.sty
Package: hycolor 2020-01-27 v1.10 Color options for hyperref/bookmark (HO)
) (/home/bobby/Software/texlive/2025/texmf-dist/tex/latex/hyperref/nameref.sty
Package: nameref 2025-06-21 v2.57 Cross-referencing by name of section
 (/home/bobby/Software/texlive/2025/texmf-dist/tex/latex/refcount/refcount.sty
Package: refcount 2019/12/15 v3.6 Data extraction from label references (HO)
) (/home/bobby/Software/texlive/2025/texmf-dist/tex/generic/gettitlestring/gettitlestring.sty
Package: gettitlestring 2019/12/15 v1.6 Cleanup title references (HO)
 (/home/bobby/Software/texlive/2025/texmf-dist/tex/latex/kvoptions/kvoptions.sty
Package: kvoptions 2022-06-15 v3.15 Key value format for package options (HO)
))
\c@section@level=\count322
) (/home/bobby/Software/texlive/2025/texmf-dist/tex/generic/stringenc/stringenc.sty
Package: stringenc 2019/11/29 v1.12 Convert strings between diff. encodings (HO)
)
\@linkdim=\dimen275
\Hy@linkcounter=\count323
\Hy@pagecounter=\count324
 (/home/bobby/Software/texlive/2025/texmf-dist/tex/latex/hyperref/pd1enc.def
File: pd1enc.def 2025-07-12 v7.01o Hyperref: PDFDocEncoding definition (HO)
Now handling font encoding PD1 ...
... no UTF-8 mapping file for font encoding PD1
) (/home/bobby/Software/texlive/2025/texmf-dist/tex/generic/intcalc/intcalc.sty
Package: intcalc 2019/12/15 v1.3 Expandable calculations with integers (HO)
)
\Hy@SavedSpaceFactor=\count325
 (/home/bobby/Software/texlive/2025/texmf-dist/tex/latex/hyperref/puenc.def
File: puenc.def 2025-07-12 v7.01o Hyperref: PDF Unicode definition (HO)
Now handling font encoding PU ...
... no UTF-8 mapping file for font encoding PU
)
Package hyperref Info: Option `bookmarks' set `true' on input line 4066.
Package hyperref Info: Option `bookmarksopen' set `true' on input line 4066.
Package hyperref Info: Option `implicit' set `false' on input line 4066.
Package hyperref Info: Hyper figures OFF on input line 4195.
Package hyperref Info: Link nesting OFF on input line 4200.
Package hyperref Info: Hyper index ON on input line 4203.
Package hyperref Info: Plain pages OFF on input line 4210.
Package hyperref Info: Backreferencing OFF on input line 4215.
Package hyperref Info: Implicit mode OFF; no redefinition of LaTeX internals.
Package hyperref Info: Bookmarks ON on input line 4462.
\c@Hy@tempcnt=\count326
 (/home/bobby/Software/texlive/2025/texmf-dist/tex/latex/url/url.sty
\Urlmuskip=\muskip17
Package: url 2013/09/16  ver 3.4  Verb mode for urls, etc.
)
LaTeX Info: Redefining \url on input line 4801.
\XeTeXLinkMargin=\dimen276
 (/home/bobby/Software/texlive/2025/texmf-dist/tex/generic/bitset/bitset.sty
Package: bitset 2019/12/09 v1.3 Handle bit-vector datatype (HO)
 (/home/bobby/Software/texlive/2025/texmf-dist/tex/generic/bigintcalc/bigintcalc.sty
Package: bigintcalc 2019/12/15 v1.5 Expandable calculations on big integers (HO)
))
\Fld@menulength=\count327
\Field@Width=\dimen277
\Fld@charsize=\dimen278
Package hyperref Info: Hyper figures OFF on input line 6078.
Package hyperref Info: Link nesting OFF on input line 6083.
Package hyperref Info: Hyper index ON on input line 6086.
Package hyperref Info: backreferencing OFF on input line 6093.
Package hyperref Info: Link coloring OFF on input line 6098.
Package hyperref Info: Link coloring with OCG OFF on input line 6103.
Package hyperref Info: PDF/A mode OFF on input line 6108.
\Hy@abspage=\count328


Package hyperref Message: Stopped early.

)
Package hyperref Info: Driver (autodetected): hpdftex.
 (/home/bobby/Software/texlive/2025/texmf-dist/tex/latex/hyperref/hpdftex.def
File: hpdftex.def 2025-07-12 v7.01o Hyperref driver for pdfTeX
\Fld@listcount=\count329
\c@bookmark@seq@number=\count330
 (/home/bobby/Software/texlive/2025/texmf-dist/tex/latex/rerunfilecheck/rerunfilecheck.sty
Package: rerunfilecheck 2025-06-21 v1.11 Rerun checks for auxiliary files (HO)
 (/home/bobby/Software/texlive/2025/texmf-dist/tex/generic/uniquecounter/uniquecounter.sty
Package: uniquecounter 2019/12/15 v1.4 Provide unlimited unique counter (HO)
)
Package uniquecounter Info: New unique counter `rerunfilecheck' on input line 284.
)) (/home/bobby/Software/texlive/2025/texmf-dist/tex/latex/beamer/beamerbaserequires.sty (/home/bobby/Software/texlive/2025/texmf-dist/tex/latex/beamer/beamerbasecompatibility.sty) (/home/bobby/Software/texlive/2025/texmf-dist/tex/latex/beamer/beamerbasefont.sty (/home/bobby/Software/texlive/2025/texmf-dist/tex/latex/amsfonts/amssymb.sty
Package: amssymb 2013/01/14 v3.01 AMS font symbols
 (/home/bobby/Software/texlive/2025/texmf-dist/tex/latex/amsfonts/amsfonts.sty
Package: amsfonts 2013/01/14 v3.01 Basic AMSFonts support
\@emptytoks=\toks29
\symAMSa=\mathgroup4
\symAMSb=\mathgroup5
LaTeX Font Info:    Redeclaring math symbol \hbar on input line 98.
LaTeX Font Info:    Overwriting math alphabet `\mathfrak' in version `bold'
(Font)                  U/euf/m/n --> U/euf/b/n on input line 106.
)) (/home/bobby/Software/texlive/2025/texmf-dist/tex/latex/sansmathaccent/sansmathaccent.sty
Package: sansmathaccent 2020/01/31
 (/home/bobby/Software/texlive/2025/texmf-dist/tex/latex/koma-script/scrlfile.sty
Package: scrlfile 2025/06/04 v3.45 KOMA-Script package (file load hooks)
 (/home/bobby/Software/texlive/2025/texmf-dist/tex/latex/koma-script/scrlfile-hook.sty
Package: scrlfile-hook 2025/06/04 v3.45 KOMA-Script package (using LaTeX hooks)
 (/home/bobby/Software/texlive/2025/texmf-dist/tex/latex/koma-script/scrlogo.sty
Package: scrlogo 2025/06/04 v3.45 KOMA-Script package (logo)
))))) (/home/bobby/Software/texlive/2025/texmf-dist/tex/latex/beamer/beamerbasetranslator.sty (/home/bobby/Software/texlive/2025/texmf-dist/tex/latex/translator/translator.sty
Package: translator 2021-05-31 v1.12d Easy translation of strings in LaTeX
)) (/home/bobby/Software/texlive/2025/texmf-dist/tex/latex/beamer/beamerbasemisc.sty) (/home/bobby/Software/texlive/2025/texmf-dist/tex/latex/beamer/beamerbasetwoscreens.sty) (/home/bobby/Software/texlive/2025/texmf-dist/tex/latex/beamer/beamerbaseoverlay.sty
\beamer@argscount=\count331
\beamer@lastskipcover=\skip52
\beamer@trivlistdepth=\count332
) (/home/bobby/Software/texlive/2025/texmf-dist/tex/latex/beamer/beamerbasetitle.sty) (/home/bobby/Software/texlive/2025/texmf-dist/tex/latex/beamer/beamerbasesection.sty
\c@lecture=\count333
\c@part=\count334
\c@section=\count335
\c@subsection=\count336
\c@subsubsection=\count337
) (/home/bobby/Software/texlive/2025/texmf-dist/tex/latex/beamer/beamerbaseframe.sty
\beamer@framebox=\box68
\beamer@frametitlebox=\box69
\beamer@zoombox=\box70
\beamer@zoomcount=\count338
\beamer@zoomframecount=\count339
\beamer@frametextheight=\dimen279
\c@subsectionslide=\count340
\beamer@frametopskip=\skip53
\beamer@framebottomskip=\skip54
\beamer@frametopskipautobreak=\skip55
\beamer@framebottomskipautobreak=\skip56
\beamer@envbody=\toks30
\framewidth=\dimen280
\c@framenumber=\count341
) (/home/bobby/Software/texlive/2025/texmf-dist/tex/latex/beamer/beamerbaseverbatim.sty
\beamer@verbatimfileout=\write4
) (/home/bobby/Software/texlive/2025/texmf-dist/tex/latex/beamer/beamerbaseframesize.sty
\beamer@splitbox=\box71
\beamer@autobreakcount=\count342
\beamer@autobreaklastheight=\dimen281
\beamer@frametitletoks=\toks31
\beamer@framesubtitletoks=\toks32
) (/home/bobby/Software/texlive/2025/texmf-dist/tex/latex/beamer/beamerbaseframecomponents.sty
\beamer@footins=\box72
) (/home/bobby/Software/texlive/2025/texmf-dist/tex/latex/beamer/beamerbasecolor.sty) (/home/bobby/Software/texlive/2025/texmf-dist/tex/latex/beamer/beamerbasenotes.sty
\beamer@frameboxcopy=\box73
) (/home/bobby/Software/texlive/2025/texmf-dist/tex/latex/beamer/beamerbasetoc.sty) (/home/bobby/Software/texlive/2025/texmf-dist/tex/latex/beamer/beamerbasetemplates.sty
\beamer@sbttoks=\toks33
 (/home/bobby/Software/texlive/2025/texmf-dist/tex/latex/beamer/beamerbaseauxtemplates.sty (/home/bobby/Software/texlive/2025/texmf-dist/tex/latex/beamer/beamerbaseboxes.sty
\bmb@box=\box74
\bmb@colorbox=\box75
\bmb@boxwidth=\dimen282
\bmb@boxheight=\dimen283
\bmb@prevheight=\dimen284
\bmb@temp=\dimen285
\bmb@dima=\dimen286
\bmb@dimb=\dimen287
\bmb@prevheight=\dimen288
)
\beamer@blockheadheight=\dimen289
)) (/home/bobby/Software/texlive/2025/texmf-dist/tex/latex/beamer/beamerbaselocalstructure.sty (/home/bobby/Software/texlive/2025/texmf-dist/tex/latex/tools/enumerate.sty
Package: enumerate 2023/07/04 v3.00 enumerate extensions (DPC)
\@enLab=\toks34
)
\beamer@bibiconwidth=\skip57
\c@figure=\count343
\c@table=\count344
\abovecaptionskip=\skip58
\belowcaptionskip=\skip59
) (/home/bobby/Software/texlive/2025/texmf-dist/tex/latex/beamer/beamerbasenavigation.sty (/home/bobby/Software/texlive/2025/texmf-dist/tex/latex/beamer/beamerbasenavigationsymbols.tex)
\beamer@section@min@dim=\dimen290
) (/home/bobby/Software/texlive/2025/texmf-dist/tex/latex/beamer/beamerbasetheorems.sty (/home/bobby/Software/texlive/2025/texmf-dist/tex/latex/amsmath/amsmath.sty
Package: amsmath 2025/06/16 v2.17y AMS math features
\@mathmargin=\skip60

For additional information on amsmath, use the `?' option.
(/home/bobby/Software/texlive/2025/texmf-dist/tex/latex/amsmath/amstext.sty
Package: amstext 2024/11/17 v2.01 AMS text
 (/home/bobby/Software/texlive/2025/texmf-dist/tex/latex/amsmath/amsgen.sty
File: amsgen.sty 1999/11/30 v2.0 generic functions
\@emptytoks=\toks35
\ex@=\dimen291
)) (/home/bobby/Software/texlive/2025/texmf-dist/tex/latex/amsmath/amsbsy.sty
Package: amsbsy 1999/11/29 v1.2d Bold Symbols
\pmbraise@=\dimen292
) (/home/bobby/Software/texlive/2025/texmf-dist/tex/latex/amsmath/amsopn.sty
Package: amsopn 2022/04/08 v2.04 operator names
)
\inf@bad=\count345
LaTeX Info: Redefining \frac on input line 233.
\uproot@=\count346
\leftroot@=\count347
LaTeX Info: Redefining \overline on input line 398.
LaTeX Info: Redefining \colon on input line 409.
\classnum@=\count348
\DOTSCASE@=\count349
LaTeX Info: Redefining \ldots on input line 495.
LaTeX Info: Redefining \dots on input line 498.
LaTeX Info: Redefining \cdots on input line 619.
\Mathstrutbox@=\box76
\strutbox@=\box77
LaTeX Info: Redefining \big on input line 721.
LaTeX Info: Redefining \Big on input line 722.
LaTeX Info: Redefining \bigg on input line 723.
LaTeX Info: Redefining \Bigg on input line 724.
\big@size=\dimen293
LaTeX Font Info:    Redeclaring font encoding OML on input line 742.
LaTeX Font Info:    Redeclaring font encoding OMS on input line 743.
\macc@depth=\count350
LaTeX Info: Redefining \bmod on input line 904.
LaTeX Info: Redefining \pmod on input line 909.
LaTeX Info: Redefining \smash on input line 939.
LaTeX Info: Redefining \relbar on input line 969.
LaTeX Info: Redefining \Relbar on input line 970.
\c@MaxMatrixCols=\count351
\dotsspace@=\muskip18
\c@parentequation=\count352
\dspbrk@lvl=\count353
\tag@help=\toks36
\row@=\count354
\column@=\count355
\maxfields@=\count356
\andhelp@=\toks37
\eqnshift@=\dimen294
\alignsep@=\dimen295
\tagshift@=\dimen296
\tagwidth@=\dimen297
\totwidth@=\dimen298
\lineht@=\dimen299
\@envbody=\toks38
\multlinegap=\skip61
\multlinetaggap=\skip62
\mathdisplay@stack=\toks39
LaTeX Info: Redefining \[ on input line 2949.
LaTeX Info: Redefining \] on input line 2950.
) (/home/bobby/Software/texlive/2025/texmf-dist/tex/latex/amscls/amsthm.sty
Package: amsthm 2020/05/29 v2.20.6
\thm@style=\toks40
\thm@bodyfont=\toks41
\thm@headfont=\toks42
\thm@notefont=\toks43
\thm@headpunct=\toks44
\thm@preskip=\skip63
\thm@postskip=\skip64
\thm@headsep=\skip65
\dth@everypar=\toks45
)
\c@theorem=\count357
) (/home/bobby/Software/texlive/2025/texmf-dist/tex/latex/beamer/beamerbasethemes.sty)) (/home/bobby/Software/texlive/2025/texmf-dist/tex/latex/beamer/beamerthemedefault.sty (/home/bobby/Software/texlive/2025/texmf-dist/tex/latex/beamer/beamerfontthemedefault.sty) (/home/bobby/Software/texlive/2025/texmf-dist/tex/latex/beamer/beamercolorthemedefault.sty) (/home/bobby/Software/texlive/2025/texmf-dist/tex/latex/beamer/beamerinnerthemedefault.sty
\beamer@dima=\dimen300
\beamer@dimb=\dimen301
) (/home/bobby/Software/texlive/2025/texmf-dist/tex/latex/beamer/beamerouterthemedefault.sty))) (/home/bobby/Software/texlive/2025/texmf-dist/tex/latex/beamer/beamerthemeBerlin.sty (/home/bobby/Software/texlive/2025/texmf-dist/tex/latex/beamer/beamerouterthememiniframes.sty) (/home/bobby/Software/texlive/2025/texmf-dist/tex/latex/beamer/beamercolorthemewhale.sty) (/home/bobby/Software/texlive/2025/texmf-dist/tex/latex/beamer/beamercolorthemeorchid.sty) (/home/bobby/Software/texlive/2025/texmf-dist/tex/latex/beamer/beamerinnerthemerectangles.sty)) (/home/bobby/Software/texlive/2025/texmf-dist/tex/latex/textpos/textpos.sty
Package: textpos 2022/07/23 v1.10.1
Package textpos Info: choosing support for LaTeX3 on input line 60.
\TP@textbox=\box78
\TP@holdbox=\box79
\TPHorizModule=\dimen302
\TPVertModule=\dimen303
\TP@margin=\dimen304
\TP@absmargin=\dimen305

Grid set 16 x 16 = 28.45274pt x 16.00467pt
\TPboxrulesize=\dimen306
\TP@ox=\dimen307
\TP@oy=\dimen308
\TP@tbargs=\toks46
TextBlockOrigin set to 0pt x 0pt
) (/home/bobby/Software/texlive/2025/texmf-dist/tex/latex/base/inputenc.sty
Package: inputenc 2024/02/08 v1.3d Input encoding file
\inpenc@prehook=\toks47
\inpenc@posthook=\toks48
) (/home/bobby/Software/texlive/2025/texmf-dist/tex/latex/eurosym/eurosym.sty
Package: eurosym 1998/08/06 v1.1 European currency symbol ``Euro''
\@eurobox=\box80
) (/home/bobby/Software/texlive/2025/texmf-dist/tex/latex/booktabs/booktabs.sty
Package: booktabs 2020/01/12 v1.61803398 Publication quality tables
\heavyrulewidth=\dimen309
\lightrulewidth=\dimen310
\cmidrulewidth=\dimen311
\belowrulesep=\dimen312
\belowbottomsep=\dimen313
\aboverulesep=\dimen314
\abovetopsep=\dimen315
\cmidrulesep=\dimen316
\cmidrulekern=\dimen317
\defaultaddspace=\dimen318
\@cmidla=\count358
\@cmidlb=\count359
\@aboverulesep=\dimen319
\@belowrulesep=\dimen320
\@thisruleclass=\count360
\@lastruleclass=\count361
\@thisrulewidth=\dimen321
) (/home/bobby/Software/texlive/2025/texmf-dist/tex/latex/parskip/parskip.sty
Package: parskip 2021-03-14 v2.0h non-zero parskip adjustments
)
\sympureletters=\mathgroup6
LaTeX Font Info:    Overwriting symbol font `pureletters' in version `bold'
(Font)                  OT1/mathkerncmss/m/sl --> OT1/mathkerncmss/bx/sl on input line 28.
 (/home/bobby/Software/texlive/2025/texmf-dist/tex/latex/tools/bm.sty
Package: bm 2023/12/19 v1.2f Bold Symbol Support (DPC/FMi)
\symboldoperators=\mathgroup7
\symboldletters=\mathgroup8
\symboldsymbols=\mathgroup9
Package bm Info: No bold for \OMX/cmex/m/n, using \pmb.
Package bm Info: No bold for \U/msa/m/n, using \pmb.
Package bm Info: No bold for \U/msb/m/n, using \pmb.
\symboldpureletters=\mathgroup10
LaTeX Font Info:    Redeclaring math alphabet \mathbf on input line 149.
) (/home/bobby/Software/texlive/2025/texmf-dist/tex/latex/pgf/frontendlayer/tikz.sty (/home/bobby/Software/texlive/2025/texmf-dist/tex/latex/pgf/basiclayer/pgf.sty
Package: pgf 2023-01-15 v3.1.10 (3.1.10)
 (/home/bobby/Software/texlive/2025/texmf-dist/tex/generic/pgf/modules/pgfmoduleshapes.code.tex
File: pgfmoduleshapes.code.tex 2023-01-15 v3.1.10 (3.1.10)
\pgfnodeparttextbox=\box81
) (/home/bobby/Software/texlive/2025/texmf-dist/tex/generic/pgf/modules/pgfmoduleplot.code.tex
File: pgfmoduleplot.code.tex 2023-01-15 v3.1.10 (3.1.10)
) (/home/bobby/Software/texlive/2025/texmf-dist/tex/latex/pgf/compatibility/pgfcomp-version-0-65.sty
Package: pgfcomp-version-0-65 2023-01-15 v3.1.10 (3.1.10)
\pgf@nodesepstart=\dimen322
\pgf@nodesepend=\dimen323
) (/home/bobby/Software/texlive/2025/texmf-dist/tex/latex/pgf/compatibility/pgfcomp-version-1-18.sty
Package: pgfcomp-version-1-18 2023-01-15 v3.1.10 (3.1.10)
)) (/home/bobby/Software/texlive/2025/texmf-dist/tex/latex/pgf/utilities/pgffor.sty (/home/bobby/Software/texlive/2025/texmf-dist/tex/generic/pgf/utilities/pgffor.code.tex
Package: pgffor 2023-01-15 v3.1.10 (3.1.10)
\pgffor@iter=\dimen324
\pgffor@skip=\dimen325
\pgffor@stack=\toks49
\pgffor@toks=\toks50
)) (/home/bobby/Software/texlive/2025/texmf-dist/tex/generic/pgf/frontendlayer/tikz/tikz.code.tex
Package: tikz 2023-01-15 v3.1.10 (3.1.10)
 (/home/bobby/Software/texlive/2025/texmf-dist/tex/generic/pgf/libraries/pgflibraryplothandlers.code.tex
File: pgflibraryplothandlers.code.tex 2023-01-15 v3.1.10 (3.1.10)
\pgf@plot@mark@count=\count362
\pgfplotmarksize=\dimen326
)
\tikz@lastx=\dimen327
\tikz@lasty=\dimen328
\tikz@lastxsaved=\dimen329
\tikz@lastysaved=\dimen330
\tikz@lastmovetox=\dimen331
\tikz@lastmovetoy=\dimen332
\tikzleveldistance=\dimen333
\tikzsiblingdistance=\dimen334
\tikz@figbox=\box82
\tikz@figbox@bg=\box83
\tikz@tempbox=\box84
\tikz@tempbox@bg=\box85
\tikztreelevel=\count363
\tikznumberofchildren=\count364
\tikznumberofcurrentchild=\count365
\tikz@fig@count=\count366
 (/home/bobby/Software/texlive/2025/texmf-dist/tex/generic/pgf/modules/pgfmodulematrix.code.tex
File: pgfmodulematrix.code.tex 2023-01-15 v3.1.10 (3.1.10)
\pgfmatrixcurrentrow=\count367
\pgfmatrixcurrentcolumn=\count368
\pgf@matrix@numberofcolumns=\count369
)
\tikz@expandcount=\count370
 (/home/bobby/Software/texlive/2025/texmf-dist/tex/generic/pgf/frontendlayer/tikz/libraries/tikzlibrarytopaths.code.tex
File: tikzlibrarytopaths.code.tex 2023-01-15 v3.1.10 (3.1.10)
))) (/home/bobby/Software/texlive/2025/texmf-dist/tex/latex/adjustbox/adjustbox.sty
Package: adjustbox 2025/02/26 v1.3c Adjusting TeX boxes (trim, clip, ...)
 (/home/bobby/Software/texlive/2025/texmf-dist/tex/latex/xkeyval/xkeyval.sty
Package: xkeyval 2022/06/16 v2.9 package option processing (HA)
 (/home/bobby/Software/texlive/2025/texmf-dist/tex/generic/xkeyval/xkeyval.tex (/home/bobby/Software/texlive/2025/texmf-dist/tex/generic/xkeyval/xkvutils.tex
\XKV@toks=\toks51
\XKV@tempa@toks=\toks52
)
\XKV@depth=\count371
File: xkeyval.tex 2014/12/03 v2.7a key=value parser (HA)
)) (/home/bobby/Software/texlive/2025/texmf-dist/tex/latex/adjustbox/adjcalc.sty
Package: adjcalc 2012/05/16 v1.1 Provides advanced setlength with multiple back-ends (calc, etex, pgfmath)
) (/home/bobby/Software/texlive/2025/texmf-dist/tex/latex/adjustbox/trimclip.sty
Package: trimclip 2025/02/21 v1.2a Trim and clip general TeX material
 (/home/bobby/Software/texlive/2025/texmf-dist/tex/latex/collectbox/collectbox.sty
Package: collectbox 2022/10/17 v0.4c Collect macro arguments as boxes
\collectedbox=\box86
)
\tc@llx=\dimen335
\tc@lly=\dimen336
\tc@urx=\dimen337
\tc@ury=\dimen338
Package trimclip Info: Using driver 'tc-pdftex.def'.
 (/home/bobby/Software/texlive/2025/texmf-dist/tex/latex/adjustbox/tc-pdftex.def
File: tc-pdftex.def 2025/02/26 v2.3 Clipping driver for pdftex
))
\adjbox@Width=\dimen339
\adjbox@Height=\dimen340
\adjbox@Depth=\dimen341
\adjbox@Totalheight=\dimen342
\adjbox@pwidth=\dimen343
\adjbox@pheight=\dimen344
\adjbox@pdepth=\dimen345
\adjbox@ptotalheight=\dimen346
 (/home/bobby/Software/texlive/2025/texmf-dist/tex/latex/ifoddpage/ifoddpage.sty
Package: ifoddpage 2022/10/18 v1.2 Conditionals for odd/even page detection
\c@checkoddpage=\count372
) (/home/bobby/Software/texlive/2025/texmf-dist/tex/latex/varwidth/varwidth.sty
Package: varwidth 2009/03/30 ver 0.92;  Variable-width minipages
\@vwid@box=\box87
\sift@deathcycles=\count373
\@vwid@loff=\dimen347
\@vwid@roff=\dimen348
)
==> First Aid for varwidth.sty applied!
) (/home/bobby/Software/texlive/2025/texmf-dist/tex/latex/doclicense/doclicense.sty
Package: doclicense 2023/10/01 v3.3.0 Support for putting documents under a license
 (/home/bobby/Software/texlive/2025/texmf-dist/tex/latex/xifthen/xifthen.sty
Package: xifthen 2015/11/05 v1.4.0 Extended ifthen features
 (/home/bobby/Software/texlive/2025/texmf-dist/tex/latex/tools/calc.sty
Package: calc 2025/03/01 v4.3b Infix arithmetic (KKT,FJ)
\calc@Acount=\count374
\calc@Bcount=\count375
\calc@Adimen=\dimen349
\calc@Bdimen=\dimen350
\calc@Askip=\skip66
\calc@Bskip=\skip67
LaTeX Info: Redefining \setlength on input line 86.
LaTeX Info: Redefining \addtolength on input line 87.
\calc@Ccount=\count376
\calc@Cskip=\skip68
) (/home/bobby/Software/texlive/2025/texmf-dist/tex/latex/base/ifthen.sty
Package: ifthen 2024/03/16 v1.1e Standard LaTeX ifthen package (DPC)
) (/home/bobby/Software/texlive/2025/texmf-dist/tex/latex/ifmtarg/ifmtarg.sty
Package: ifmtarg 2018/04/16 v1.2b check for an empty argument
)) (/home/bobby/Software/texlive/2025/texmf-dist/tex/generic/xstring/xstring.sty (/home/bobby/Software/texlive/2025/texmf-dist/tex/generic/xstring/xstring.tex
\xs_counta=\count377
\xs_countb=\count378
)
Package: xstring 2023/08/22 v1.86 String manipulations (CT)
) (/home/bobby/Software/texlive/2025/texmf-dist/tex/latex/tools/xspace.sty
Package: xspace 2014/10/28 v1.13 Space after command names (DPC,MH)
) (/home/bobby/Software/texlive/2025/texmf-dist/tex/latex/tools/verbatim.sty
Package: verbatim 2024-01-22 v1.5x LaTeX2e package for verbatim enhancements
\every@verbatim=\toks53
\verbatim@line=\toks54
\verbatim@in@stream=\read3
) (/home/bobby/Software/texlive/2025/texmf-dist/tex/latex/hyperxmp/hyperxmp.sty
Package: hyperxmp 2024/03/17 v5.13 Store hyperref metadata in XMP format
\hyxmp@aep@toks=\toks55
\@hyxmp@count=\count379
 (/home/bobby/Software/texlive/2025/texmf-dist/tex/latex/oberdiek/ifdraft.sty
Package: ifdraft 2016/05/16 v1.4 Detect class options draft and final (HO)
) (/home/bobby/Software/texlive/2025/texmf-dist/tex/generic/iftex/ifluatex.sty
Package: ifluatex 2019/10/25 v1.5 ifluatex legacy package. Use iftex instead.
))
\doclicense@hsize=\skip69
 (/home/bobby/Software/texlive/2025/texmf-dist/tex/latex/doclicense/doclicense-english.ldf
File: doclicense-english.ldf 
))
Package hyperref Info: Option `colorlinks' set `true' on input line 44.
 (/home/bobby/Software/texlive/2025/texmf-dist/tex/latex/tools/array.sty
Package: array 2025/06/08 v2.6j Tabular extension package (FMi)
\col@sep=\dimen351
\ar@mcellbox=\box88
\extrarowheight=\dimen352
\NC@list=\toks56
\extratabsurround=\skip70
\backup@length=\skip71
\ar@cellbox=\box89
) (/home/bobby/Software/texlive/2025/texmf-dist/tex/generic/ulem/ulem.sty
\UL@box=\box90
\UL@hyphenbox=\box91
\UL@skip=\skip72
\UL@hook=\toks57
\UL@height=\dimen353
\UL@pe=\count380
\UL@pixel=\dimen354
\ULC@box=\box92
Package: ulem 2019/11/18
\ULdepth=\dimen355
) (/home/bobby/Software/texlive/2025/texmf-dist/tex/latex/tools/multicol.sty
Package: multicol 2025/05/25 v2.0a multicolumn formatting (FMi)
\c@tracingmulticols=\count381
\mult@box=\box93
\multicol@leftmargin=\dimen356
\c@unbalance=\count382
\c@collectmore=\count383
\doublecol@number=\count384
\multicoltolerance=\count385
\multicolpretolerance=\count386
\full@width=\dimen357
\page@free=\dimen358
\premulticols=\dimen359
\postmulticols=\dimen360
\multicolsep=\skip73
\multicolbaselineskip=\skip74
\partial@page=\box94
\last@line=\box95
\mc@boxedresult=\box96
\maxbalancingoverflow=\dimen361
\mult@rightbox=\box97
\mult@grightbox=\box98
\mult@firstbox=\box99
\mult@gfirstbox=\box100
\@tempa=\box101
\@tempa=\box102
\@tempa=\box103
\@tempa=\box104
\@tempa=\box105
\@tempa=\box106
\@tempa=\box107
\@tempa=\box108
\@tempa=\box109
\@tempa=\box110
\@tempa=\box111
\@tempa=\box112
\@tempa=\box113
\@tempa=\box114
\@tempa=\box115
\@tempa=\box116
\@tempa=\box117
\@tempa=\box118
\@tempa=\box119
\@tempa=\box120
\@tempa=\box121
\@tempa=\box122
\@tempa=\box123
\@tempa=\box124
\@tempa=\box125
\@tempa=\box126
\@tempa=\box127
\@tempa=\box128
\@tempa=\box129
\@tempa=\box130
\@tempa=\box131
\@tempa=\box132
\@tempa=\box133
\@tempa=\box134
\@tempa=\box135
\@tempa=\box136
\c@minrows=\count387
\c@columnbadness=\count388
\c@finalcolumnbadness=\count389
\last@try=\dimen362
\multicolovershoot=\dimen363
\multicolundershoot=\dimen364
\mult@nat@firstbox=\box137
\colbreak@box=\box138
\mc@col@check@num=\count390
\g__mc_curr_col_int=\count391
) (/home/bobby/Software/texlive/2025/texmf-dist/tex/latex/roboto/roboto.sty
Package: roboto 2022/09/10 (Bob Tennent) Supports Roboto fonts for all LaTeX engines.
 (/home/bobby/Software/texlive/2025/texmf-dist/tex/generic/iftex/ifxetex.sty
Package: ifxetex 2019/10/25 v0.7 ifxetex legacy package. Use iftex instead.
) (/home/bobby/Software/texlive/2025/texmf-dist/tex/latex/base/textcomp.sty
Package: textcomp 2024/04/24 v2.1b Standard LaTeX package
) (/home/bobby/Software/texlive/2025/texmf-dist/tex/latex/base/fontenc.sty
Package: fontenc 2024/12/21 v2.1c Standard LaTeX package
) (/home/bobby/Software/texlive/2025/texmf-dist/tex/latex/fontaxes/fontaxes.sty
Package: fontaxes 2025-05-24 v2.0.1 Font selection axes (deprecated)
 (/home/bobby/Software/texlive/2025/texmf-dist/tex/latex/figureversions/figureversions.sty
Package: figureversions 2025-04-29 v1.0.1 Figure versions
)))

Package hyperref Warning: Token not allowed in a PDF string (Unicode):
(hyperref)                removing `\begingroup' on input line 103.


Package hyperref Warning: Token not allowed in a PDF string (Unicode):
(hyperref)                removing `\catcode' on input line 103.


Package hyperref Warning: Token not allowed in a PDF string (Unicode):
(hyperref)                removing `\catcode' on input line 103.


Package hyperref Warning: Token not allowed in a PDF string (Unicode):
(hyperref)                removing `\active' on input line 103.


Package hyperref Warning: Token not allowed in a PDF string (Unicode):
(hyperref)                removing `\<def>-command' on input line 103.


Package hyperref Warning: Token not allowed in a PDF string (Unicode):
(hyperref)                removing `\csname\endcsname' on input line 103.


Package hyperref Warning: Token not allowed in a PDF string (Unicode):
(hyperref)                removing `\catcode' on input line 103.


Package hyperref Warning: Token not allowed in a PDF string (Unicode):
(hyperref)                removing `\active' on input line 103.


Package hyperref Warning: Token not allowed in a PDF string (Unicode):
(hyperref)                removing `\<let>-command' on input line 103.


Package hyperref Warning: Token not allowed in a PDF string (Unicode):
(hyperref)                removing `\csname\endcsname' on input line 103.


Package hyperref Warning: Token not allowed in a PDF string (Unicode):
(hyperref)                removing `\<let>-command' on input line 103.


Package hyperref Warning: Token not allowed in a PDF string (Unicode):
(hyperref)                removing `\%' on input line 103.


Package hyperref Warning: Token not allowed in a PDF string (Unicode):
(hyperref)                removing `\catcode' on input line 103.


Package hyperref Warning: Token not allowed in a PDF string (Unicode):
(hyperref)                removing `\active' on input line 103.


Package hyperref Warning: Token not allowed in a PDF string (Unicode):
(hyperref)                removing `\<def>-command' on input line 103.


Package hyperref Warning: Token not allowed in a PDF string (Unicode):
(hyperref)                removing `\csname\endcsname' on input line 103.


Package hyperref Warning: Token not allowed in a PDF string (Unicode):
(hyperref)                removing `\<def>-command' on input line 103.


Package hyperref Warning: Token not allowed in a PDF string (Unicode):
(hyperref)                removing `\#' on input line 103.


Package hyperref Warning: Token not allowed in a PDF string (Unicode):
(hyperref)                removing `\catcode' on input line 103.


Package hyperref Warning: Token not allowed in a PDF string (Unicode):
(hyperref)                removing `\<def>-command' on input line 103.


Package hyperref Warning: Token not allowed in a PDF string (Unicode):
(hyperref)                removing `\csname\endcsname' on input line 103.


Package hyperref Warning: Token not allowed in a PDF string (Unicode):
(hyperref)                removing `\<def>-command' on input line 103.


Package hyperref Warning: Token not allowed in a PDF string (Unicode):
(hyperref)                removing `\&' on input line 103.


Package hyperref Warning: Token not allowed in a PDF string (Unicode):
(hyperref)                removing `\<def>-command' on input line 103.


Package hyperref Warning: Token not allowed in a PDF string (Unicode):
(hyperref)                removing `\textunderscore' on input line 103.


Package hyperref Warning: Token not allowed in a PDF string (Unicode):
(hyperref)                removing `\<let>-command' on input line 103.


Package hyperref Warning: Token not allowed in a PDF string (Unicode):
(hyperref)                removing `\_' on input line 103.


Package hyperref Warning: Token not allowed in a PDF string (Unicode):
(hyperref)                removing `\catcode' on input line 103.


Package hyperref Warning: Token not allowed in a PDF string (Unicode):
(hyperref)                removing `\active' on input line 103.


Package hyperref Warning: Token not allowed in a PDF string (Unicode):
(hyperref)                removing `\<let>-command' on input line 103.


Package hyperref Warning: Token not allowed in a PDF string (Unicode):
(hyperref)                removing `\csname\endcsname' on input line 103.


Package hyperref Warning: Token not allowed in a PDF string (Unicode):
(hyperref)                removing `\<let>-command' on input line 103.


Package hyperref Warning: Token not allowed in a PDF string (Unicode):
(hyperref)                removing `\csname\endcsname' on input line 103.


Package hyperref Warning: Token not allowed in a PDF string (Unicode):
(hyperref)                removing `\<let>-command' on input line 103.


Package hyperref Warning: Token not allowed in a PDF string (Unicode):
(hyperref)                removing `\~' on input line 103.


Package hyperref Warning: Token not allowed in a PDF string (Unicode):
(hyperref)                removing `\<let>-command' on input line 103.


Package hyperref Warning: Token not allowed in a PDF string (Unicode):
(hyperref)                removing `\textasciitilde' on input line 103.


Package hyperref Warning: Token not allowed in a PDF string (Unicode):
(hyperref)                removing `\<let>-command' on input line 103.


Package hyperref Warning: Token not allowed in a PDF string (Unicode):
(hyperref)                removing `\\' on input line 103.


Package hyperref Warning: Token not allowed in a PDF string (Unicode):
(hyperref)                removing `\<def>-command' on input line 103.


Package hyperref Warning: Token not allowed in a PDF string (Unicode):
(hyperref)                removing `\csname\endcsname' on input line 103.


Package hyperref Warning: Token not allowed in a PDF string (Unicode):
(hyperref)                removing `\<def>-command' on input line 103.


Package hyperref Warning: Token not allowed in a PDF string (Unicode):
(hyperref)                removing `\Hy@tempa' on input line 103.


Package hyperref Warning: Token not allowed in a PDF string (Unicode):
(hyperref)                removing `\<def>-command' on input line 103.


Package hyperref Warning: Token not allowed in a PDF string (Unicode):
(hyperref)                removing `\Hy@tempa' on input line 103.


Package hyperref Warning: Token not allowed in a PDF string (Unicode):
(hyperref)                removing `\begingroup' on input line 103.


Package hyperref Warning: Token not allowed in a PDF string (Unicode):
(hyperref)                removing `\catcode' on input line 103.


Package hyperref Warning: Token not allowed in a PDF string (Unicode):
(hyperref)                removing `\catcode' on input line 103.


Package hyperref Warning: Token not allowed in a PDF string (Unicode):
(hyperref)                removing `\active' on input line 103.


Package hyperref Warning: Token not allowed in a PDF string (Unicode):
(hyperref)                removing `\<def>-command' on input line 103.


Package hyperref Warning: Token not allowed in a PDF string (Unicode):
(hyperref)                removing `\csname\endcsname' on input line 103.


Package hyperref Warning: Token not allowed in a PDF string (Unicode):
(hyperref)                removing `\catcode' on input line 103.


Package hyperref Warning: Token not allowed in a PDF string (Unicode):
(hyperref)                removing `\active' on input line 103.


Package hyperref Warning: Token not allowed in a PDF string (Unicode):
(hyperref)                removing `\<let>-command' on input line 103.


Package hyperref Warning: Token not allowed in a PDF string (Unicode):
(hyperref)                removing `\csname\endcsname' on input line 103.


Package hyperref Warning: Token not allowed in a PDF string (Unicode):
(hyperref)                removing `\<let>-command' on input line 103.


Package hyperref Warning: Token not allowed in a PDF string (Unicode):
(hyperref)                removing `\%' on input line 103.


Package hyperref Warning: Token not allowed in a PDF string (Unicode):
(hyperref)                removing `\catcode' on input line 103.


Package hyperref Warning: Token not allowed in a PDF string (Unicode):
(hyperref)                removing `\active' on input line 103.


Package hyperref Warning: Token not allowed in a PDF string (Unicode):
(hyperref)                removing `\<def>-command' on input line 103.


Package hyperref Warning: Token not allowed in a PDF string (Unicode):
(hyperref)                removing `\csname\endcsname' on input line 103.


Package hyperref Warning: Token not allowed in a PDF string (Unicode):
(hyperref)                removing `\<def>-command' on input line 103.


Package hyperref Warning: Token not allowed in a PDF string (Unicode):
(hyperref)                removing `\#' on input line 103.


Package hyperref Warning: Token not allowed in a PDF string (Unicode):
(hyperref)                removing `\catcode' on input line 103.


Package hyperref Warning: Token not allowed in a PDF string (Unicode):
(hyperref)                removing `\<def>-command' on input line 103.


Package hyperref Warning: Token not allowed in a PDF string (Unicode):
(hyperref)                removing `\csname\endcsname' on input line 103.


Package hyperref Warning: Token not allowed in a PDF string (Unicode):
(hyperref)                removing `\<def>-command' on input line 103.


Package hyperref Warning: Token not allowed in a PDF string (Unicode):
(hyperref)                removing `\&' on input line 103.


Package hyperref Warning: Token not allowed in a PDF string (Unicode):
(hyperref)                removing `\<def>-command' on input line 103.


Package hyperref Warning: Token not allowed in a PDF string (Unicode):
(hyperref)                removing `\textunderscore' on input line 103.


Package hyperref Warning: Token not allowed in a PDF string (Unicode):
(hyperref)                removing `\<let>-command' on input line 103.


Package hyperref Warning: Token not allowed in a PDF string (Unicode):
(hyperref)                removing `\_' on input line 103.


Package hyperref Warning: Token not allowed in a PDF string (Unicode):
(hyperref)                removing `\catcode' on input line 103.


Package hyperref Warning: Token not allowed in a PDF string (Unicode):
(hyperref)                removing `\active' on input line 103.


Package hyperref Warning: Token not allowed in a PDF string (Unicode):
(hyperref)                removing `\<let>-command' on input line 103.


Package hyperref Warning: Token not allowed in a PDF string (Unicode):
(hyperref)                removing `\csname\endcsname' on input line 103.


Package hyperref Warning: Token not allowed in a PDF string (Unicode):
(hyperref)                removing `\<let>-command' on input line 103.


Package hyperref Warning: Token not allowed in a PDF string (Unicode):
(hyperref)                removing `\csname\endcsname' on input line 103.


Package hyperref Warning: Token not allowed in a PDF string (Unicode):
(hyperref)                removing `\<let>-command' on input line 103.


Package hyperref Warning: Token not allowed in a PDF string (Unicode):
(hyperref)                removing `\~' on input line 103.


Package hyperref Warning: Token not allowed in a PDF string (Unicode):
(hyperref)                removing `\<let>-command' on input line 103.


Package hyperref Warning: Token not allowed in a PDF string (Unicode):
(hyperref)                removing `\textasciitilde' on input line 103.


Package hyperref Warning: Token not allowed in a PDF string (Unicode):
(hyperref)                removing `\<let>-command' on input line 103.


Package hyperref Warning: Token not allowed in a PDF string (Unicode):
(hyperref)                removing `\\' on input line 103.


Package hyperref Warning: Token not allowed in a PDF string (Unicode):
(hyperref)                removing `\<def>-command' on input line 103.


Package hyperref Warning: Token not allowed in a PDF string (Unicode):
(hyperref)                removing `\csname\endcsname' on input line 103.


Package hyperref Warning: Token not allowed in a PDF string (Unicode):
(hyperref)                removing `\<def>-command' on input line 103.


Package hyperref Warning: Token not allowed in a PDF string (Unicode):
(hyperref)                removing `\Hy@tempa' on input line 103.


Package hyperref Warning: Token not allowed in a PDF string (Unicode):
(hyperref)                removing `\<def>-command' on input line 103.


Package hyperref Warning: Token not allowed in a PDF string (Unicode):
(hyperref)                removing `\Hy@tempa' on input line 103.

(/home/bobby/Software/texlive/2025/texmf-dist/tex/latex/ccicons/ccicons.sty
Package: ccicons 2017/10/30 v1.6 LaTeX support for Creative Commons icons
) (/home/bobby/Software/texlive/2025/texmf-dist/tex/latex/csquotes/csquotes.sty
Package: csquotes 2024-04-04 v5.2o context-sensitive quotations (JAW)
\csq@reset=\count392
\csq@gtype=\count393
\csq@glevel=\count394
\csq@qlevel=\count395
\csq@maxlvl=\count396
\csq@tshold=\count397
\csq@ltx@everypar=\toks58
 (/home/bobby/Software/texlive/2025/texmf-dist/tex/latex/csquotes/csquotes.def
File: csquotes.def 2024-04-04 v5.2o csquotes generic definitions (JAW)
)
Package csquotes Info: Trying to load configuration file 'csquotes.cfg'...
Package csquotes Info: ... configuration file loaded successfully.
 (/home/bobby/Software/texlive/2025/texmf-dist/tex/latex/csquotes/csquotes.cfg
File: csquotes.cfg 
))
LaTeX Font Info:    Trying to load font information for OT1+Roboto-LF on input line 126.
 (/home/bobby/Software/texlive/2025/texmf-dist/tex/latex/roboto/OT1Roboto-LF.fd
File: OT1Roboto-LF.fd 2019/12/11 (autoinst) Font definitions for OT1/Roboto-LF.
)
LaTeX Font Info:    Font shape `OT1/Roboto-LF/m/n' aliased to
(Font)              `OT1/Roboto-LF/regular/n' on input line 126.
LaTeX Font Info:    Font shape `OT1/Roboto-LF/regular/n' will be
(Font)              scaled to size 10.0pt on input line 126.
 (/home/bobby/Software/texlive/2025/texmf-dist/tex/latex/l3backend/l3backend-pdftex.def
File: l3backend-pdftex.def 2025-06-09 L3 backend support: PDF output (pdfTeX)
\l__color_backend_stack_int=\count398
) (./slides.aux)
\openout1 = `slides.aux'.

LaTeX Font Info:    Checking defaults for OML/cmm/m/it on input line 126.
LaTeX Font Info:    ... okay on input line 126.
LaTeX Font Info:    Checking defaults for OMS/cmsy/m/n on input line 126.
LaTeX Font Info:    ... okay on input line 126.
LaTeX Font Info:    Checking defaults for OT1/cmr/m/n on input line 126.
LaTeX Font Info:    ... okay on input line 126.
LaTeX Font Info:    Checking defaults for T1/cmr/m/n on input line 126.
LaTeX Font Info:    ... okay on input line 126.
LaTeX Font Info:    Checking defaults for TS1/cmr/m/n on input line 126.
LaTeX Font Info:    ... okay on input line 126.
LaTeX Font Info:    Checking defaults for OMX/cmex/m/n on input line 126.
LaTeX Font Info:    ... okay on input line 126.
LaTeX Font Info:    Checking defaults for U/cmr/m/n on input line 126.
LaTeX Font Info:    ... okay on input line 126.
LaTeX Font Info:    Checking defaults for PD1/pdf/m/n on input line 126.
LaTeX Font Info:    ... okay on input line 126.
LaTeX Font Info:    Checking defaults for PU/pdf/m/n on input line 126.
LaTeX Font Info:    ... okay on input line 126.

*geometry* driver: auto-detecting
*geometry* detected driver: pdftex
*geometry* verbose mode - [ preamble ] result:
* driver: pdftex
* paper: custom
* layout: <same size as paper>
* layoutoffset:(h,v)=(0.0pt,0.0pt)
* modes: includehead includefoot 
* h-part:(L,W,R)=(28.45274pt, 398.3386pt, 28.45274pt)
* v-part:(T,H,B)=(0.0pt, 256.0748pt, 0.0pt)
* \paperwidth=455.24408pt
* \paperheight=256.0748pt
* \textwidth=398.3386pt
* \textheight=227.62207pt
* \oddsidemargin=-43.81725pt
* \evensidemargin=-43.81725pt
* \topmargin=-72.26999pt
* \headheight=14.22636pt
* \headsep=0.0pt
* \topskip=10.0pt
* \footskip=14.22636pt
* \marginparwidth=3.0pt
* \marginparsep=11.0pt
* \columnsep=10.0pt
* \skip\footins=9.0pt plus 4.0pt minus 2.0pt
* \hoffset=0.0pt
* \voffset=0.0pt
* \mag=1000
* \@twocolumnfalse
* \@twosidefalse
* \@mparswitchfalse
* \@reversemarginfalse
* (1in=72.27pt=25.4mm, 1cm=28.453pt)

(/home/bobby/Software/texlive/2025/texmf-dist/tex/context/base/mkii/supp-pdf.mkii
[Loading MPS to PDF converter (version 2006.09.02).]
\scratchcounter=\count399
\scratchdimen=\dimen365
\scratchbox=\box139
\nofMPsegments=\count400
\nofMParguments=\count401
\everyMPshowfont=\toks59
\MPscratchCnt=\count402
\MPscratchDim=\dimen366
\MPnumerator=\count403
\makeMPintoPDFobject=\count404
\everyMPtoPDFconversion=\toks60
) (/home/bobby/Software/texlive/2025/texmf-dist/tex/latex/epstopdf-pkg/epstopdf-base.sty
Package: epstopdf-base 2020-01-24 v2.11 Base part for package epstopdf
Package epstopdf-base Info: Redefining graphics rule for `.eps' on input line 485.
 (/home/bobby/Software/texlive/2025/texmf-dist/tex/latex/latexconfig/epstopdf-sys.cfg
File: epstopdf-sys.cfg 2010/07/13 v1.3 Configuration of (r)epstopdf for TeX Live
))
Package hyperref Info: Link coloring ON on input line 126.
\@outlinefile=\write5
\openout5 = `slides.out'.

LaTeX Font Info:    Overwriting symbol font `operators' in version `normal'
(Font)                  OT1/cmr/m/n --> OT1/cmss/m/n on input line 126.
LaTeX Font Info:    Overwriting symbol font `operators' in version `bold'
(Font)                  OT1/cmr/bx/n --> OT1/cmss/b/n on input line 126.
\symnumbers=\mathgroup11
LaTeX Font Info:    Redeclaring symbol font `pureletters' on input line 126.
LaTeX Font Info:    Overwriting symbol font `pureletters' in version `normal'
(Font)                  OT1/mathkerncmss/m/sl --> OT1/Roboto-LF/m/it on input line 126.
LaTeX Font Info:    Overwriting symbol font `pureletters' in version `bold'
(Font)                  OT1/mathkerncmss/bx/sl --> OT1/Roboto-LF/m/it on input line 126.
LaTeX Font Info:    Overwriting math alphabet `\mathrm' in version `normal'
(Font)                  OT1/cmss/m/n --> OT1/cmr/m/n on input line 126.
LaTeX Font Info:    Redeclaring math alphabet \mathbf on input line 126.
LaTeX Font Info:    Redeclaring math alphabet \mathsf on input line 126.
LaTeX Font Info:    Overwriting math alphabet `\mathsf' in version `normal'
(Font)                  OT1/cmss/m/n --> OT1/Roboto-LF/m/n on input line 126.
LaTeX Font Info:    Overwriting math alphabet `\mathsf' in version `bold'
(Font)                  OT1/cmss/bx/n --> OT1/Roboto-LF/m/n on input line 126.
LaTeX Font Info:    Redeclaring math alphabet \mathit on input line 126.
LaTeX Font Info:    Overwriting math alphabet `\mathit' in version `normal'
(Font)                  OT1/cmr/m/it --> OT1/Roboto-LF/m/it on input line 126.
LaTeX Font Info:    Overwriting math alphabet `\mathit' in version `bold'
(Font)                  OT1/cmr/bx/it --> OT1/Roboto-LF/m/it on input line 126.
LaTeX Font Info:    Redeclaring math alphabet \mathtt on input line 126.
LaTeX Font Info:    Overwriting math alphabet `\mathtt' in version `normal'
(Font)                  OT1/cmtt/m/n --> OT1/cmtt/m/n on input line 126.
LaTeX Font Info:    Overwriting math alphabet `\mathtt' in version `bold'
(Font)                  OT1/cmtt/m/n --> OT1/cmtt/m/n on input line 126.
LaTeX Font Info:    Overwriting symbol font `numbers' in version `bold'
(Font)                  OT1/Roboto-LF/m/n --> OT1/Roboto-LF/b/n on input line 126.
LaTeX Font Info:    Overwriting symbol font `pureletters' in version `bold'
(Font)                  OT1/Roboto-LF/m/it --> OT1/Roboto-LF/b/it on input line 126.
LaTeX Font Info:    Overwriting math alphabet `\mathrm' in version `bold'
(Font)                  OT1/cmss/b/n --> OT1/cmr/b/n on input line 126.
LaTeX Font Info:    Overwriting math alphabet `\mathbf' in version `bold'
(Font)                  OT1/Roboto-LF/b/n --> OT1/Roboto-LF/b/n on input line 126.
LaTeX Font Info:    Overwriting math alphabet `\mathsf' in version `bold'
(Font)                  OT1/Roboto-LF/m/n --> OT1/Roboto-LF/b/n on input line 126.
LaTeX Font Info:    Overwriting math alphabet `\mathit' in version `bold'
(Font)                  OT1/Roboto-LF/m/it --> OT1/Roboto-LF/b/it on input line 126.
LaTeX Font Info:    Overwriting math alphabet `\mathtt' in version `bold'
(Font)                  OT1/cmtt/m/n --> OT1/cmtt/b/n on input line 126.
LaTeX Font Info:    Redeclaring symbol font `boldpureletters' on input line 126.
LaTeX Font Info:    Overwriting symbol font `boldpureletters' in version `normal'
(Font)                  OT1/mathkerncmss/bx/sl --> OT1/Roboto-LF/bx/it on input line 126.
LaTeX Font Info:    Overwriting symbol font `boldpureletters' in version `bold'
(Font)                  OT1/mathkerncmss/bx/sl --> OT1/Roboto-LF/bx/it on input line 126.
 (/home/bobby/Software/texlive/2025/texmf-dist/tex/latex/translator/translator-basic-dictionary-English.dict
Dictionary: translator-basic-dictionary, Language: English 
) (/home/bobby/Software/texlive/2025/texmf-dist/tex/latex/translator/translator-bibliography-dictionary-English.dict
Dictionary: translator-bibliography-dictionary, Language: English 
) (/home/bobby/Software/texlive/2025/texmf-dist/tex/latex/translator/translator-environment-dictionary-English.dict
Dictionary: translator-environment-dictionary, Language: English 
) (/home/bobby/Software/texlive/2025/texmf-dist/tex/latex/translator/translator-months-dictionary-English.dict
Dictionary: translator-months-dictionary, Language: English 
) (/home/bobby/Software/texlive/2025/texmf-dist/tex/latex/translator/translator-numbers-dictionary-English.dict
Dictionary: translator-numbers-dictionary, Language: English 
) (/home/bobby/Software/texlive/2025/texmf-dist/tex/latex/translator/translator-theorem-dictionary-English.dict
Dictionary: translator-theorem-dictionary, Language: English 
)
\c@mv@tabular=\count405
\c@mv@boldtabular=\count406
 (./slides.nav)
LaTeX Font Info:    Font shape `OT1/Roboto-LF/m/n' aliased to
(Font)              `OT1/Roboto-LF/regular/n' on input line 126.
LaTeX Font Info:    Font shape `OT1/Roboto-LF/regular/n' will be
(Font)              scaled to size 5.0pt on input line 126.
LaTeX Font Info:    Font shape `OT1/Roboto-LF/m/n' aliased to
(Font)              `OT1/Roboto-LF/regular/n' on input line 126.
LaTeX Font Info:    Font shape `OT1/Roboto-LF/regular/n' will be
(Font)              scaled to size 9.0pt on input line 126.
LaTeX Font Info:    Font shape `U/ccicons/m/n' will be
(Font)              scaled to size 9.0pt on input line 126.


LaTeX Warning: File `resilient-logo.pdf' not found on input line 126.


/home/bobby/Projects/project-material/slides/20241007_nrw_workshop/slides.tex:126: Package pdftex.def Error: File `resilient-logo.pdf' not found: using draft setting.

See the pdftex.def package documentation for explanation.
Type  H <return>  for immediate help.
 ...                                              
                                                  
l.126 \begin{document}
                      
Try typing  <return>  to proceed.
If that doesn't work, type  X <return>  to quit.

LaTeX Font Info:    Font shape `OT1/Roboto-LF/m/n' aliased to
(Font)              `OT1/Roboto-LF/regular/n' on input line 139.
LaTeX Font Info:    Font shape `OT1/Roboto-LF/regular/n' will be
(Font)              scaled to size 14.4pt on input line 139.
LaTeX Font Info:    Font shape `U/ccicons/m/n' will be
(Font)              scaled to size 14.4pt on input line 139.

/home/bobby/Projects/project-material/slides/20241007_nrw_workshop/slides.tex:139: Package xcolor Error: Undefined color `tub-blue'.

See the xcolor package documentation for explanation.
Type  H <return>  for immediate help.
 ...                                              
                                                  
l.139   \maketitle
                  
Try typing  <return>  to proceed.
If that doesn't work, type  X <return>  to quit.

LaTeX Font Info:    Trying to load font information for U+msa on input line 139.
(/home/bobby/Software/texlive/2025/texmf-dist/tex/latex/amsfonts/umsa.fd
File: umsa.fd 2013/01/14 v3.01 AMS symbols A
)
LaTeX Font Info:    Trying to load font information for U+msb on input line 139.
 (/home/bobby/Software/texlive/2025/texmf-dist/tex/latex/amsfonts/umsb.fd
File: umsb.fd 2013/01/14 v3.01 AMS symbols B
)
LaTeX Font Info:    Font shape `OT1/Roboto-LF/m/it' aliased to
(Font)              `OT1/Roboto-LF/regular/it' on input line 139.
LaTeX Font Info:    Font shape `OT1/Roboto-LF/regular/it' will be
(Font)              scaled to size 10.0pt on input line 139.
LaTeX Font Info:    Font shape `OT1/Roboto-LF/m/it' aliased to
(Font)              `OT1/Roboto-LF/regular/it' on input line 139.
LaTeX Font Info:    Font shape `OT1/Roboto-LF/regular/it' will be
(Font)              scaled to size 7.0pt on input line 139.
LaTeX Font Info:    Font shape `OT1/Roboto-LF/m/it' aliased to
(Font)              `OT1/Roboto-LF/regular/it' on input line 139.
LaTeX Font Info:    Font shape `OT1/Roboto-LF/regular/it' will be
(Font)              scaled to size 5.0pt on input line 139.
LaTeX Font Info:    Font shape `OT1/Roboto-LF/bx/it' in size <10> not available
(Font)              Font shape `OT1/Roboto-LF/b/it' tried instead on input line 139.
LaTeX Font Info:    Font shape `OT1/Roboto-LF/b/it' aliased to
(Font)              `OT1/Roboto-LF/bold/it' on input line 139.
LaTeX Font Info:    Font shape `OT1/Roboto-LF/bold/it' will be
(Font)              scaled to size 10.0pt on input line 139.
LaTeX Font Info:    Font shape `OT1/Roboto-LF/bx/it' in size <7> not available
(Font)              Font shape `OT1/Roboto-LF/b/it' tried instead on input line 139.
LaTeX Font Info:    Font shape `OT1/Roboto-LF/b/it' aliased to
(Font)              `OT1/Roboto-LF/bold/it' on input line 139.
LaTeX Font Info:    Font shape `OT1/Roboto-LF/bold/it' will be
(Font)              scaled to size 7.0pt on input line 139.
LaTeX Font Info:    Font shape `OT1/Roboto-LF/bx/it' in size <5> not available
(Font)              Font shape `OT1/Roboto-LF/b/it' tried instead on input line 139.
LaTeX Font Info:    Font shape `OT1/Roboto-LF/b/it' aliased to
(Font)              `OT1/Roboto-LF/bold/it' on input line 139.
LaTeX Font Info:    Font shape `OT1/Roboto-LF/bold/it' will be
(Font)              scaled to size 5.0pt on input line 139.
LaTeX Font Info:    Font shape `OT1/Roboto-LF/m/n' aliased to
(Font)              `OT1/Roboto-LF/regular/n' on input line 139.
LaTeX Font Info:    Font shape `OT1/Roboto-LF/regular/n' will be
(Font)              scaled to size 7.0pt on input line 139.
LaTeX Font Info:    Font shape `OT1/Roboto-LF/m/n' aliased to
(Font)              `OT1/Roboto-LF/regular/n' on input line 139.
LaTeX Font Info:    Font shape `OT1/Roboto-LF/regular/n' will be
(Font)              scaled to size 8.0pt on input line 139.


/home/bobby/Projects/project-material/slides/20241007_nrw_workshop/slides.tex:139: Package xcolor Error: Undefined color `tub-blue'.

See the xcolor package documentation for explanation.
Type  H <return>  for immediate help.
 ...                                              
                                                  
l.139   \maketitle
                  
Try typing  <return>  to proceed.
If that doesn't work, type  X <return>  to quit.


LaTeX Warning: File `resilient-logo.pdf' not found on input line 139.


/home/bobby/Projects/project-material/slides/20241007_nrw_workshop/slides.tex:139: Package pdftex.def Error: File `resilient-logo.pdf' not found: using draft setting.

See the pdftex.def package documentation for explanation.
Type  H <return>  for immediate help.
 ...                                              
                                                  
l.139   \maketitle
                  
Try typing  <return>  to proceed.
If that doesn't work, type  X <return>  to quit.


LaTeX Warning: File `tublogo.pdf' not found on input line 139.


/home/bobby/Projects/project-material/slides/20241007_nrw_workshop/slides.tex:139: Package pdftex.def Error: File `tublogo.pdf' not found: using draft setting.

See the pdftex.def package documentation for explanation.
Type  H <return>  for immediate help.
 ...                                              
                                                  
l.139   \maketitle
                  
Try typing  <return>  to proceed.
If that doesn't work, type  X <return>  to quit.


LaTeX Warning: File `cetp-logo.png' not found on input line 139.


/home/bobby/Projects/project-material/slides/20241007_nrw_workshop/slides.tex:139: Package pdftex.def Error: File `cetp-logo.png' not found: using draft setting.

See the pdftex.def package documentation for explanation.
Type  H <return>  for immediate help.
 ...                                              
                                                  
l.139   \maketitle
                  
Try typing  <return>  to proceed.
If that doesn't work, type  X <return>  to quit.


LaTeX Warning: File `bmwi_fz_2021_office_farbe_de.png' not found on input line 139.


/home/bobby/Projects/project-material/slides/20241007_nrw_workshop/slides.tex:139: Package pdftex.def Error: File `bmwi_fz_2021_office_farbe_de.png' not found: using draft setting.

See the pdftex.def package documentation for explanation.
Type  H <return>  for immediate help.
 ...                                              
                                                  
l.139   \maketitle
                  
Try typing  <return>  to proceed.
If that doesn't work, type  X <return>  to quit.


Overfull \vbox (14.7906pt too high) detected at line 139
 []



LaTeX Font Info:    Font shape `OT1/Roboto-LF/m/n' aliased to
(Font)              `OT1/Roboto-LF/regular/n' on input line 139.
LaTeX Font Info:    Font shape `OT1/Roboto-LF/regular/n' will be
(Font)              scaled to size 4.0pt on input line 139.

/home/bobby/Projects/project-material/slides/20241007_nrw_workshop/slides.tex:139: Package xcolor Error: Undefined color `tub-blue'.

See the xcolor package documentation for explanation.
Type  H <return>  for immediate help.
 ...                                              
                                                  
l.139   \maketitle
                  
Try typing  <return>  to proceed.
If that doesn't work, type  X <return>  to quit.


/home/bobby/Projects/project-material/slides/20241007_nrw_workshop/slides.tex:139: Package xcolor Error: Undefined color `tub-blue'.

See the xcolor package documentation for explanation.
Type  H <return>  for immediate help.
 ...                                              
                                                  
l.139   \maketitle
                  
Try typing  <return>  to proceed.
If that doesn't work, type  X <return>  to quit.


/home/bobby/Projects/project-material/slides/20241007_nrw_workshop/slides.tex:139: Package xcolor Error: Undefined color `tub-blue'.

See the xcolor package documentation for explanation.
Type  H <return>  for immediate help.
 ...                                              
                                                  
l.139   \maketitle
                  
Try typing  <return>  to proceed.
If that doesn't work, type  X <return>  to quit.


/home/bobby/Projects/project-material/slides/20241007_nrw_workshop/slides.tex:139: Package xcolor Error: Undefined color `tub-blue'.

See the xcolor package documentation for explanation.
Type  H <return>  for immediate help.
 ...                                              
                                                  
l.139   \maketitle
                  
Try typing  <return>  to proceed.
If that doesn't work, type  X <return>  to quit.


/home/bobby/Projects/project-material/slides/20241007_nrw_workshop/slides.tex:139: Package xcolor Error: Undefined color `tub-blue'.

See the xcolor package documentation for explanation.
Type  H <return>  for immediate help.
 ...                                              
                                                  
l.139   \maketitle
                  
Try typing  <return>  to proceed.
If that doesn't work, type  X <return>  to quit.


/home/bobby/Projects/project-material/slides/20241007_nrw_workshop/slides.tex:139: Package xcolor Error: Undefined color `tub-blue'.

See the xcolor package documentation for explanation.
Type  H <return>  for immediate help.
 ...                                              
                                                  
l.139   \maketitle
                  
Try typing  <return>  to proceed.
If that doesn't work, type  X <return>  to quit.


/home/bobby/Projects/project-material/slides/20241007_nrw_workshop/slides.tex:139: Package xcolor Error: Undefined color `tub-blue'.

See the xcolor package documentation for explanation.
Type  H <return>  for immediate help.
 ...                                              
                                                  
l.139   \maketitle
                  
Try typing  <return>  to proceed.
If that doesn't work, type  X <return>  to quit.


/home/bobby/Projects/project-material/slides/20241007_nrw_workshop/slides.tex:139: Package xcolor Error: Undefined color `tub-blue'.

See the xcolor package documentation for explanation.
Type  H <return>  for immediate help.
 ...                                              
                                                  
l.139   \maketitle
                  
Try typing  <return>  to proceed.
If that doesn't work, type  X <return>  to quit.


/home/bobby/Projects/project-material/slides/20241007_nrw_workshop/slides.tex:139: Package xcolor Error: Undefined color `tub-blue'.

See the xcolor package documentation for explanation.
Type  H <return>  for immediate help.
 ...                                              
                                                  
l.139   \maketitle
                  
Try typing  <return>  to proceed.
If that doesn't work, type  X <return>  to quit.


/home/bobby/Projects/project-material/slides/20241007_nrw_workshop/slides.tex:139: Package xcolor Error: Undefined color `tub-blue'.

See the xcolor package documentation for explanation.
Type  H <return>  for immediate help.
 ...                                              
                                                  
l.139   \maketitle
                  
Try typing  <return>  to proceed.
If that doesn't work, type  X <return>  to quit.


/home/bobby/Projects/project-material/slides/20241007_nrw_workshop/slides.tex:139: Package xcolor Error: Undefined color `tub-blue'.

See the xcolor package documentation for explanation.
Type  H <return>  for immediate help.
 ...                                              
                                                  
l.139   \maketitle
                  
Try typing  <return>  to proceed.
If that doesn't work, type  X <return>  to quit.


/home/bobby/Projects/project-material/slides/20241007_nrw_workshop/slides.tex:139: Package xcolor Error: Undefined color `tub-blue'.

See the xcolor package documentation for explanation.
Type  H <return>  for immediate help.
 ...                                              
                                                  
l.139   \maketitle
                  
Try typing  <return>  to proceed.
If that doesn't work, type  X <return>  to quit.


/home/bobby/Projects/project-material/slides/20241007_nrw_workshop/slides.tex:139: Package xcolor Error: Undefined color `tub-blue'.

See the xcolor package documentation for explanation.
Type  H <return>  for immediate help.
 ...                                              
                                                  
l.139   \maketitle
                  
Try typing  <return>  to proceed.
If that doesn't work, type  X <return>  to quit.


/home/bobby/Projects/project-material/slides/20241007_nrw_workshop/slides.tex:139: Package xcolor Error: Undefined color `tub-blue'.

See the xcolor package documentation for explanation.
Type  H <return>  for immediate help.
 ...                                              
                                                  
l.139   \maketitle
                  
Try typing  <return>  to proceed.
If that doesn't work, type  X <return>  to quit.


/home/bobby/Projects/project-material/slides/20241007_nrw_workshop/slides.tex:139: Package xcolor Error: Undefined color `tub-blue'.

See the xcolor package documentation for explanation.
Type  H <return>  for immediate help.
 ...                                              
                                                  
l.139   \maketitle
                  
Try typing  <return>  to proceed.
If that doesn't work, type  X <return>  to quit.


/home/bobby/Projects/project-material/slides/20241007_nrw_workshop/slides.tex:139: Package xcolor Error: Undefined color `tub-blue'.

See the xcolor package documentation for explanation.
Type  H <return>  for immediate help.
 ...                                              
                                                  
l.139   \maketitle
                  
Try typing  <return>  to proceed.
If that doesn't work, type  X <return>  to quit.

(/home/bobby/Software/texlive/2025/texmf-dist/tex/generic/stringenc/se-pdfdoc.def
File: se-pdfdoc.def 2019/11/29 v1.12 stringenc: PDFDocEncoding
) (/home/bobby/Software/texlive/2025/texmf-dist/tex/generic/stringenc/se-utf8.def
File: se-utf8.def 2019/11/29 v1.12 stringenc: UTF-8
) [1

{/home/bobby/Software/texlive/2025/texmf-sysvar/fonts/map/pdftex/updmap/pdftex.map}{/home/bobby/Software/texlive/2025/texmf-dist/fonts/enc/dvips/roboto/rbto_schjax.enc}]

LaTeX Warning: File `resilient-logo.pdf' not found on input line 157.


/home/bobby/Projects/project-material/slides/20241007_nrw_workshop/slides.tex:157: Package pdftex.def Error: File `resilient-logo.pdf' not found: using draft setting.

See the pdftex.def package documentation for explanation.
Type  H <return>  for immediate help.
 ...                                              
                                                  
l.157 \end{frame}
                 
Try typing  <return>  to proceed.
If that doesn't work, type  X <return>  to quit.


Overfull \vbox (20.09439pt too high) detected at line 157
 []




/home/bobby/Projects/project-material/slides/20241007_nrw_workshop/slides.tex:157: Package xcolor Error: Undefined color `tub-blue'.

See the xcolor package documentation for explanation.
Type  H <return>  for immediate help.
 ...                                              
                                                  
l.157 \end{frame}
                 
Try typing  <return>  to proceed.
If that doesn't work, type  X <return>  to quit.


/home/bobby/Projects/project-material/slides/20241007_nrw_workshop/slides.tex:157: Package xcolor Error: Undefined color `tub-blue'.

See the xcolor package documentation for explanation.
Type  H <return>  for immediate help.
 ...                                              
                                                  
l.157 \end{frame}
                 
Try typing  <return>  to proceed.
If that doesn't work, type  X <return>  to quit.


/home/bobby/Projects/project-material/slides/20241007_nrw_workshop/slides.tex:157: Package xcolor Error: Undefined color `tub-blue'.

See the xcolor package documentation for explanation.
Type  H <return>  for immediate help.
 ...                                              
                                                  
l.157 \end{frame}
                 
Try typing  <return>  to proceed.
If that doesn't work, type  X <return>  to quit.


/home/bobby/Projects/project-material/slides/20241007_nrw_workshop/slides.tex:157: Package xcolor Error: Undefined color `tub-blue'.

See the xcolor package documentation for explanation.
Type  H <return>  for immediate help.
 ...                                              
                                                  
l.157 \end{frame}
                 
Try typing  <return>  to proceed.
If that doesn't work, type  X <return>  to quit.


/home/bobby/Projects/project-material/slides/20241007_nrw_workshop/slides.tex:157: Package xcolor Error: Undefined color `tub-blue'.

See the xcolor package documentation for explanation.
Type  H <return>  for immediate help.
 ...                                              
                                                  
l.157 \end{frame}
                 
Try typing  <return>  to proceed.
If that doesn't work, type  X <return>  to quit.


/home/bobby/Projects/project-material/slides/20241007_nrw_workshop/slides.tex:157: Package xcolor Error: Undefined color `tub-blue'.

See the xcolor package documentation for explanation.
Type  H <return>  for immediate help.
 ...                                              
                                                  
l.157 \end{frame}
                 
Try typing  <return>  to proceed.
If that doesn't work, type  X <return>  to quit.


/home/bobby/Projects/project-material/slides/20241007_nrw_workshop/slides.tex:157: Package xcolor Error: Undefined color `tub-blue'.

See the xcolor package documentation for explanation.
Type  H <return>  for immediate help.
 ...                                              
                                                  
l.157 \end{frame}
                 
Try typing  <return>  to proceed.
If that doesn't work, type  X <return>  to quit.


/home/bobby/Projects/project-material/slides/20241007_nrw_workshop/slides.tex:157: Package xcolor Error: Undefined color `tub-blue'.

See the xcolor package documentation for explanation.
Type  H <return>  for immediate help.
 ...                                              
                                                  
l.157 \end{frame}
                 
Try typing  <return>  to proceed.
If that doesn't work, type  X <return>  to quit.


/home/bobby/Projects/project-material/slides/20241007_nrw_workshop/slides.tex:157: Package xcolor Error: Undefined color `tub-blue'.

See the xcolor package documentation for explanation.
Type  H <return>  for immediate help.
 ...                                              
                                                  
l.157 \end{frame}
                 
Try typing  <return>  to proceed.
If that doesn't work, type  X <return>  to quit.


/home/bobby/Projects/project-material/slides/20241007_nrw_workshop/slides.tex:157: Package xcolor Error: Undefined color `tub-blue'.

See the xcolor package documentation for explanation.
Type  H <return>  for immediate help.
 ...                                              
                                                  
l.157 \end{frame}
                 
Try typing  <return>  to proceed.
If that doesn't work, type  X <return>  to quit.


/home/bobby/Projects/project-material/slides/20241007_nrw_workshop/slides.tex:157: Package xcolor Error: Undefined color `tub-blue'.

See the xcolor package documentation for explanation.
Type  H <return>  for immediate help.
 ...                                              
                                                  
l.157 \end{frame}
                 
Try typing  <return>  to proceed.
If that doesn't work, type  X <return>  to quit.


/home/bobby/Projects/project-material/slides/20241007_nrw_workshop/slides.tex:157: Package xcolor Error: Undefined color `tub-blue'.

See the xcolor package documentation for explanation.
Type  H <return>  for immediate help.
 ...                                              
                                                  
l.157 \end{frame}
                 
Try typing  <return>  to proceed.
If that doesn't work, type  X <return>  to quit.


/home/bobby/Projects/project-material/slides/20241007_nrw_workshop/slides.tex:157: Package xcolor Error: Undefined color `tub-blue'.

See the xcolor package documentation for explanation.
Type  H <return>  for immediate help.
 ...                                              
                                                  
l.157 \end{frame}
                 
Try typing  <return>  to proceed.
If that doesn't work, type  X <return>  to quit.


/home/bobby/Projects/project-material/slides/20241007_nrw_workshop/slides.tex:157: Package xcolor Error: Undefined color `tub-blue'.

See the xcolor package documentation for explanation.
Type  H <return>  for immediate help.
 ...                                              
                                                  
l.157 \end{frame}
                 
Try typing  <return>  to proceed.
If that doesn't work, type  X <return>  to quit.


/home/bobby/Projects/project-material/slides/20241007_nrw_workshop/slides.tex:157: Package xcolor Error: Undefined color `tub-blue'.

See the xcolor package documentation for explanation.
Type  H <return>  for immediate help.
 ...                                              
                                                  
l.157 \end{frame}
                 
Try typing  <return>  to proceed.
If that doesn't work, type  X <return>  to quit.


/home/bobby/Projects/project-material/slides/20241007_nrw_workshop/slides.tex:157: Package xcolor Error: Undefined color `tub-blue'.

See the xcolor package documentation for explanation.
Type  H <return>  for immediate help.
 ...                                              
                                                  
l.157 \end{frame}
                 
Try typing  <return>  to proceed.
If that doesn't work, type  X <return>  to quit.


LaTeX Warning: File `resilient-logo.pdf' not found on input line 157.


/home/bobby/Projects/project-material/slides/20241007_nrw_workshop/slides.tex:157: Package pdftex.def Error: File `resilient-logo.pdf' not found: using draft setting.

See the pdftex.def package documentation for explanation.
Type  H <return>  for immediate help.
 ...                                              
                                                  
l.157 \end{frame}
                 
Try typing  <return>  to proceed.
If that doesn't work, type  X <return>  to quit.

[2

]

LaTeX Warning: File `resilient-logo.pdf' not found on input line 166.


/home/bobby/Projects/project-material/slides/20241007_nrw_workshop/slides.tex:166: Package pdftex.def Error: File `resilient-logo.pdf' not found: using draft setting.

See the pdftex.def package documentation for explanation.
Type  H <return>  for immediate help.
 ...                                              
                                                  
l.166 \end{frame}
                 
Try typing  <return>  to proceed.
If that doesn't work, type  X <return>  to quit.


LaTeX Warning: File `hofmann-h2_co2-hybrid-v2.png' not found on input line 166.


/home/bobby/Projects/project-material/slides/20241007_nrw_workshop/slides.tex:166: Package pdftex.def Error: File `hofmann-h2_co2-hybrid-v2.png' not found: using draft setting.

See the pdftex.def package documentation for explanation.
Type  H <return>  for immediate help.
 ...                                              
                                                  
l.166 \end{frame}
                 
Try typing  <return>  to proceed.
If that doesn't work, type  X <return>  to quit.


/home/bobby/Projects/project-material/slides/20241007_nrw_workshop/slides.tex:166: Package xcolor Error: Undefined color `tub-blue'.

See the xcolor package documentation for explanation.
Type  H <return>  for immediate help.
 ...                                              
                                                  
l.166 \end{frame}
                 
Try typing  <return>  to proceed.
If that doesn't work, type  X <return>  to quit.

LaTeX Font Info:    Font shape `OT1/Roboto-LF/m/it' aliased to
(Font)              `OT1/Roboto-LF/regular/it' on input line 166.
LaTeX Font Info:    Font shape `OT1/Roboto-LF/regular/it' will be
(Font)              scaled to size 14.4pt on input line 166.
LaTeX Font Info:    Font shape `OT1/Roboto-LF/bx/it' in size <14.4> not available
(Font)              Font shape `OT1/Roboto-LF/b/it' tried instead on input line 166.
LaTeX Font Info:    Font shape `OT1/Roboto-LF/b/it' aliased to
(Font)              `OT1/Roboto-LF/bold/it' on input line 166.
LaTeX Font Info:    Font shape `OT1/Roboto-LF/bold/it' will be
(Font)              scaled to size 14.4pt on input line 166.

Overfull \vbox (31.10564pt too high) detected at line 166
 []




/home/bobby/Projects/project-material/slides/20241007_nrw_workshop/slides.tex:166: Package xcolor Error: Undefined color `tub-blue'.

See the xcolor package documentation for explanation.
Type  H <return>  for immediate help.
 ...                                              
                                                  
l.166 \end{frame}
                 
Try typing  <return>  to proceed.
If that doesn't work, type  X <return>  to quit.


/home/bobby/Projects/project-material/slides/20241007_nrw_workshop/slides.tex:166: Package xcolor Error: Undefined color `tub-blue'.

See the xcolor package documentation for explanation.
Type  H <return>  for immediate help.
 ...                                              
                                                  
l.166 \end{frame}
                 
Try typing  <return>  to proceed.
If that doesn't work, type  X <return>  to quit.


/home/bobby/Projects/project-material/slides/20241007_nrw_workshop/slides.tex:166: Package xcolor Error: Undefined color `tub-blue'.

See the xcolor package documentation for explanation.
Type  H <return>  for immediate help.
 ...                                              
                                                  
l.166 \end{frame}
                 
Try typing  <return>  to proceed.
If that doesn't work, type  X <return>  to quit.


/home/bobby/Projects/project-material/slides/20241007_nrw_workshop/slides.tex:166: Package xcolor Error: Undefined color `tub-blue'.

See the xcolor package documentation for explanation.
Type  H <return>  for immediate help.
 ...                                              
                                                  
l.166 \end{frame}
                 
Try typing  <return>  to proceed.
If that doesn't work, type  X <return>  to quit.


/home/bobby/Projects/project-material/slides/20241007_nrw_workshop/slides.tex:166: Package xcolor Error: Undefined color `tub-blue'.

See the xcolor package documentation for explanation.
Type  H <return>  for immediate help.
 ...                                              
                                                  
l.166 \end{frame}
                 
Try typing  <return>  to proceed.
If that doesn't work, type  X <return>  to quit.


/home/bobby/Projects/project-material/slides/20241007_nrw_workshop/slides.tex:166: Package xcolor Error: Undefined color `tub-blue'.

See the xcolor package documentation for explanation.
Type  H <return>  for immediate help.
 ...                                              
                                                  
l.166 \end{frame}
                 
Try typing  <return>  to proceed.
If that doesn't work, type  X <return>  to quit.


/home/bobby/Projects/project-material/slides/20241007_nrw_workshop/slides.tex:166: Package xcolor Error: Undefined color `tub-blue'.

See the xcolor package documentation for explanation.
Type  H <return>  for immediate help.
 ...                                              
                                                  
l.166 \end{frame}
                 
Try typing  <return>  to proceed.
If that doesn't work, type  X <return>  to quit.


/home/bobby/Projects/project-material/slides/20241007_nrw_workshop/slides.tex:166: Package xcolor Error: Undefined color `tub-blue'.

See the xcolor package documentation for explanation.
Type  H <return>  for immediate help.
 ...                                              
                                                  
l.166 \end{frame}
                 
Try typing  <return>  to proceed.
If that doesn't work, type  X <return>  to quit.


/home/bobby/Projects/project-material/slides/20241007_nrw_workshop/slides.tex:166: Package xcolor Error: Undefined color `tub-blue'.

See the xcolor package documentation for explanation.
Type  H <return>  for immediate help.
 ...                                              
                                                  
l.166 \end{frame}
                 
Try typing  <return>  to proceed.
If that doesn't work, type  X <return>  to quit.


/home/bobby/Projects/project-material/slides/20241007_nrw_workshop/slides.tex:166: Package xcolor Error: Undefined color `tub-blue'.

See the xcolor package documentation for explanation.
Type  H <return>  for immediate help.
 ...                                              
                                                  
l.166 \end{frame}
                 
Try typing  <return>  to proceed.
If that doesn't work, type  X <return>  to quit.


/home/bobby/Projects/project-material/slides/20241007_nrw_workshop/slides.tex:166: Package xcolor Error: Undefined color `tub-blue'.

See the xcolor package documentation for explanation.
Type  H <return>  for immediate help.
 ...                                              
                                                  
l.166 \end{frame}
                 
Try typing  <return>  to proceed.
If that doesn't work, type  X <return>  to quit.


/home/bobby/Projects/project-material/slides/20241007_nrw_workshop/slides.tex:166: Package xcolor Error: Undefined color `tub-blue'.

See the xcolor package documentation for explanation.
Type  H <return>  for immediate help.
 ...                                              
                                                  
l.166 \end{frame}
                 
Try typing  <return>  to proceed.
If that doesn't work, type  X <return>  to quit.


/home/bobby/Projects/project-material/slides/20241007_nrw_workshop/slides.tex:166: Package xcolor Error: Undefined color `tub-blue'.

See the xcolor package documentation for explanation.
Type  H <return>  for immediate help.
 ...                                              
                                                  
l.166 \end{frame}
                 
Try typing  <return>  to proceed.
If that doesn't work, type  X <return>  to quit.


/home/bobby/Projects/project-material/slides/20241007_nrw_workshop/slides.tex:166: Package xcolor Error: Undefined color `tub-blue'.

See the xcolor package documentation for explanation.
Type  H <return>  for immediate help.
 ...                                              
                                                  
l.166 \end{frame}
                 
Try typing  <return>  to proceed.
If that doesn't work, type  X <return>  to quit.


/home/bobby/Projects/project-material/slides/20241007_nrw_workshop/slides.tex:166: Package xcolor Error: Undefined color `tub-blue'.

See the xcolor package documentation for explanation.
Type  H <return>  for immediate help.
 ...                                              
                                                  
l.166 \end{frame}
                 
Try typing  <return>  to proceed.
If that doesn't work, type  X <return>  to quit.


/home/bobby/Projects/project-material/slides/20241007_nrw_workshop/slides.tex:166: Package xcolor Error: Undefined color `tub-blue'.

See the xcolor package documentation for explanation.
Type  H <return>  for immediate help.
 ...                                              
                                                  
l.166 \end{frame}
                 
Try typing  <return>  to proceed.
If that doesn't work, type  X <return>  to quit.


LaTeX Warning: File `resilient-logo.pdf' not found on input line 166.


/home/bobby/Projects/project-material/slides/20241007_nrw_workshop/slides.tex:166: Package pdftex.def Error: File `resilient-logo.pdf' not found: using draft setting.

See the pdftex.def package documentation for explanation.
Type  H <return>  for immediate help.
 ...                                              
                                                  
l.166 \end{frame}
                 
Try typing  <return>  to proceed.
If that doesn't work, type  X <return>  to quit.

[3

]

LaTeX Warning: File `resilient-logo.pdf' not found on input line 185.


/home/bobby/Projects/project-material/slides/20241007_nrw_workshop/slides.tex:185: Package pdftex.def Error: File `resilient-logo.pdf' not found: using draft setting.

See the pdftex.def package documentation for explanation.
Type  H <return>  for immediate help.
 ...                                              
                                                  
l.185 \end{frame}
                 
Try typing  <return>  to proceed.
If that doesn't work, type  X <return>  to quit.


LaTeX Warning: File `scenario_tree.png' not found on input line 185.


/home/bobby/Projects/project-material/slides/20241007_nrw_workshop/slides.tex:185: Package pdftex.def Error: File `scenario_tree.png' not found: using draft setting.

See the pdftex.def package documentation for explanation.
Type  H <return>  for immediate help.
 ...                                              
                                                  
l.185 \end{frame}
                 
Try typing  <return>  to proceed.
If that doesn't work, type  X <return>  to quit.


Overfull \vbox (30.50385pt too high) detected at line 185
 []




/home/bobby/Projects/project-material/slides/20241007_nrw_workshop/slides.tex:185: Package xcolor Error: Undefined color `tub-blue'.

See the xcolor package documentation for explanation.
Type  H <return>  for immediate help.
 ...                                              
                                                  
l.185 \end{frame}
                 
Try typing  <return>  to proceed.
If that doesn't work, type  X <return>  to quit.


/home/bobby/Projects/project-material/slides/20241007_nrw_workshop/slides.tex:185: Package xcolor Error: Undefined color `tub-blue'.

See the xcolor package documentation for explanation.
Type  H <return>  for immediate help.
 ...                                              
                                                  
l.185 \end{frame}
                 
Try typing  <return>  to proceed.
If that doesn't work, type  X <return>  to quit.


/home/bobby/Projects/project-material/slides/20241007_nrw_workshop/slides.tex:185: Package xcolor Error: Undefined color `tub-blue'.

See the xcolor package documentation for explanation.
Type  H <return>  for immediate help.
 ...                                              
                                                  
l.185 \end{frame}
                 
Try typing  <return>  to proceed.
If that doesn't work, type  X <return>  to quit.


/home/bobby/Projects/project-material/slides/20241007_nrw_workshop/slides.tex:185: Package xcolor Error: Undefined color `tub-blue'.

See the xcolor package documentation for explanation.
Type  H <return>  for immediate help.
 ...                                              
                                                  
l.185 \end{frame}
                 
Try typing  <return>  to proceed.
If that doesn't work, type  X <return>  to quit.


/home/bobby/Projects/project-material/slides/20241007_nrw_workshop/slides.tex:185: Package xcolor Error: Undefined color `tub-blue'.

See the xcolor package documentation for explanation.
Type  H <return>  for immediate help.
 ...                                              
                                                  
l.185 \end{frame}
                 
Try typing  <return>  to proceed.
If that doesn't work, type  X <return>  to quit.


/home/bobby/Projects/project-material/slides/20241007_nrw_workshop/slides.tex:185: Package xcolor Error: Undefined color `tub-blue'.

See the xcolor package documentation for explanation.
Type  H <return>  for immediate help.
 ...                                              
                                                  
l.185 \end{frame}
                 
Try typing  <return>  to proceed.
If that doesn't work, type  X <return>  to quit.


/home/bobby/Projects/project-material/slides/20241007_nrw_workshop/slides.tex:185: Package xcolor Error: Undefined color `tub-blue'.

See the xcolor package documentation for explanation.
Type  H <return>  for immediate help.
 ...                                              
                                                  
l.185 \end{frame}
                 
Try typing  <return>  to proceed.
If that doesn't work, type  X <return>  to quit.


/home/bobby/Projects/project-material/slides/20241007_nrw_workshop/slides.tex:185: Package xcolor Error: Undefined color `tub-blue'.

See the xcolor package documentation for explanation.
Type  H <return>  for immediate help.
 ...                                              
                                                  
l.185 \end{frame}
                 
Try typing  <return>  to proceed.
If that doesn't work, type  X <return>  to quit.


/home/bobby/Projects/project-material/slides/20241007_nrw_workshop/slides.tex:185: Package xcolor Error: Undefined color `tub-blue'.

See the xcolor package documentation for explanation.
Type  H <return>  for immediate help.
 ...                                              
                                                  
l.185 \end{frame}
                 
Try typing  <return>  to proceed.
If that doesn't work, type  X <return>  to quit.


/home/bobby/Projects/project-material/slides/20241007_nrw_workshop/slides.tex:185: Package xcolor Error: Undefined color `tub-blue'.

See the xcolor package documentation for explanation.
Type  H <return>  for immediate help.
 ...                                              
                                                  
l.185 \end{frame}
                 
Try typing  <return>  to proceed.
If that doesn't work, type  X <return>  to quit.


/home/bobby/Projects/project-material/slides/20241007_nrw_workshop/slides.tex:185: Package xcolor Error: Undefined color `tub-blue'.

See the xcolor package documentation for explanation.
Type  H <return>  for immediate help.
 ...                                              
                                                  
l.185 \end{frame}
                 
Try typing  <return>  to proceed.
If that doesn't work, type  X <return>  to quit.


/home/bobby/Projects/project-material/slides/20241007_nrw_workshop/slides.tex:185: Package xcolor Error: Undefined color `tub-blue'.

See the xcolor package documentation for explanation.
Type  H <return>  for immediate help.
 ...                                              
                                                  
l.185 \end{frame}
                 
Try typing  <return>  to proceed.
If that doesn't work, type  X <return>  to quit.


/home/bobby/Projects/project-material/slides/20241007_nrw_workshop/slides.tex:185: Package xcolor Error: Undefined color `tub-blue'.

See the xcolor package documentation for explanation.
Type  H <return>  for immediate help.
 ...                                              
                                                  
l.185 \end{frame}
                 
Try typing  <return>  to proceed.
If that doesn't work, type  X <return>  to quit.


/home/bobby/Projects/project-material/slides/20241007_nrw_workshop/slides.tex:185: Package xcolor Error: Undefined color `tub-blue'.

See the xcolor package documentation for explanation.
Type  H <return>  for immediate help.
 ...                                              
                                                  
l.185 \end{frame}
                 
Try typing  <return>  to proceed.
If that doesn't work, type  X <return>  to quit.


/home/bobby/Projects/project-material/slides/20241007_nrw_workshop/slides.tex:185: Package xcolor Error: Undefined color `tub-blue'.

See the xcolor package documentation for explanation.
Type  H <return>  for immediate help.
 ...                                              
                                                  
l.185 \end{frame}
                 
Try typing  <return>  to proceed.
If that doesn't work, type  X <return>  to quit.


/home/bobby/Projects/project-material/slides/20241007_nrw_workshop/slides.tex:185: Package xcolor Error: Undefined color `tub-blue'.

See the xcolor package documentation for explanation.
Type  H <return>  for immediate help.
 ...                                              
                                                  
l.185 \end{frame}
                 
Try typing  <return>  to proceed.
If that doesn't work, type  X <return>  to quit.


LaTeX Warning: File `resilient-logo.pdf' not found on input line 185.


/home/bobby/Projects/project-material/slides/20241007_nrw_workshop/slides.tex:185: Package pdftex.def Error: File `resilient-logo.pdf' not found: using draft setting.

See the pdftex.def package documentation for explanation.
Type  H <return>  for immediate help.
 ...                                              
                                                  
l.185 \end{frame}
                 
Try typing  <return>  to proceed.
If that doesn't work, type  X <return>  to quit.

[4

]

LaTeX Warning: File `resilient-logo.pdf' not found on input line 191.


/home/bobby/Projects/project-material/slides/20241007_nrw_workshop/slides.tex:191: Package pdftex.def Error: File `resilient-logo.pdf' not found: using draft setting.

See the pdftex.def package documentation for explanation.
Type  H <return>  for immediate help.
 ...                                              
                                                  
l.191 \end{frame}
                 
Try typing  <return>  to proceed.
If that doesn't work, type  X <return>  to quit.


/home/bobby/Projects/project-material/slides/20241007_nrw_workshop/slides.tex:191: LaTeX Error: File `resilient-partners' not found.

See the LaTeX manual or LaTeX Companion for explanation.
Type  H <return>  for immediate help.
 ...                                              
                                                  
l.191 \end{frame}
                 
I could not locate the file with any of these extensions:
.pdf,.jpeg,.png,.jpg,.eps
Try typing  <return>  to proceed.
If that doesn't work, type  X <return>  to quit.




/home/bobby/Projects/project-material/slides/20241007_nrw_workshop/slides.tex:191: Package xcolor Error: Undefined color `tub-blue'.

See the xcolor package documentation for explanation.
Type  H <return>  for immediate help.
 ...                                              
                                                  
l.191 \end{frame}
                 
Try typing  <return>  to proceed.
If that doesn't work, type  X <return>  to quit.


/home/bobby/Projects/project-material/slides/20241007_nrw_workshop/slides.tex:191: Package xcolor Error: Undefined color `tub-blue'.

See the xcolor package documentation for explanation.
Type  H <return>  for immediate help.
 ...                                              
                                                  
l.191 \end{frame}
                 
Try typing  <return>  to proceed.
If that doesn't work, type  X <return>  to quit.


/home/bobby/Projects/project-material/slides/20241007_nrw_workshop/slides.tex:191: Package xcolor Error: Undefined color `tub-blue'.

See the xcolor package documentation for explanation.
Type  H <return>  for immediate help.
 ...                                              
                                                  
l.191 \end{frame}
                 
Try typing  <return>  to proceed.
If that doesn't work, type  X <return>  to quit.


/home/bobby/Projects/project-material/slides/20241007_nrw_workshop/slides.tex:191: Package xcolor Error: Undefined color `tub-blue'.

See the xcolor package documentation for explanation.
Type  H <return>  for immediate help.
 ...                                              
                                                  
l.191 \end{frame}
                 
Try typing  <return>  to proceed.
If that doesn't work, type  X <return>  to quit.


/home/bobby/Projects/project-material/slides/20241007_nrw_workshop/slides.tex:191: Package xcolor Error: Undefined color `tub-blue'.

See the xcolor package documentation for explanation.
Type  H <return>  for immediate help.
 ...                                              
                                                  
l.191 \end{frame}
                 
Try typing  <return>  to proceed.
If that doesn't work, type  X <return>  to quit.


/home/bobby/Projects/project-material/slides/20241007_nrw_workshop/slides.tex:191: Package xcolor Error: Undefined color `tub-blue'.

See the xcolor package documentation for explanation.
Type  H <return>  for immediate help.
 ...                                              
                                                  
l.191 \end{frame}
                 
Try typing  <return>  to proceed.
If that doesn't work, type  X <return>  to quit.


/home/bobby/Projects/project-material/slides/20241007_nrw_workshop/slides.tex:191: Package xcolor Error: Undefined color `tub-blue'.

See the xcolor package documentation for explanation.
Type  H <return>  for immediate help.
 ...                                              
                                                  
l.191 \end{frame}
                 
Try typing  <return>  to proceed.
If that doesn't work, type  X <return>  to quit.


/home/bobby/Projects/project-material/slides/20241007_nrw_workshop/slides.tex:191: Package xcolor Error: Undefined color `tub-blue'.

See the xcolor package documentation for explanation.
Type  H <return>  for immediate help.
 ...                                              
                                                  
l.191 \end{frame}
                 
Try typing  <return>  to proceed.
If that doesn't work, type  X <return>  to quit.


/home/bobby/Projects/project-material/slides/20241007_nrw_workshop/slides.tex:191: Package xcolor Error: Undefined color `tub-blue'.

See the xcolor package documentation for explanation.
Type  H <return>  for immediate help.
 ...                                              
                                                  
l.191 \end{frame}
                 
Try typing  <return>  to proceed.
If that doesn't work, type  X <return>  to quit.


/home/bobby/Projects/project-material/slides/20241007_nrw_workshop/slides.tex:191: Package xcolor Error: Undefined color `tub-blue'.

See the xcolor package documentation for explanation.
Type  H <return>  for immediate help.
 ...                                              
                                                  
l.191 \end{frame}
                 
Try typing  <return>  to proceed.
If that doesn't work, type  X <return>  to quit.


/home/bobby/Projects/project-material/slides/20241007_nrw_workshop/slides.tex:191: Package xcolor Error: Undefined color `tub-blue'.

See the xcolor package documentation for explanation.
Type  H <return>  for immediate help.
 ...                                              
                                                  
l.191 \end{frame}
                 
Try typing  <return>  to proceed.
If that doesn't work, type  X <return>  to quit.


/home/bobby/Projects/project-material/slides/20241007_nrw_workshop/slides.tex:191: Package xcolor Error: Undefined color `tub-blue'.

See the xcolor package documentation for explanation.
Type  H <return>  for immediate help.
 ...                                              
                                                  
l.191 \end{frame}
                 
Try typing  <return>  to proceed.
If that doesn't work, type  X <return>  to quit.


/home/bobby/Projects/project-material/slides/20241007_nrw_workshop/slides.tex:191: Package xcolor Error: Undefined color `tub-blue'.

See the xcolor package documentation for explanation.
Type  H <return>  for immediate help.
 ...                                              
                                                  
l.191 \end{frame}
                 
Try typing  <return>  to proceed.
If that doesn't work, type  X <return>  to quit.


/home/bobby/Projects/project-material/slides/20241007_nrw_workshop/slides.tex:191: Package xcolor Error: Undefined color `tub-blue'.

See the xcolor package documentation for explanation.
Type  H <return>  for immediate help.
 ...                                              
                                                  
l.191 \end{frame}
                 
Try typing  <return>  to proceed.
If that doesn't work, type  X <return>  to quit.


/home/bobby/Projects/project-material/slides/20241007_nrw_workshop/slides.tex:191: Package xcolor Error: Undefined color `tub-blue'.

See the xcolor package documentation for explanation.
Type  H <return>  for immediate help.
 ...                                              
                                                  
l.191 \end{frame}
                 
Try typing  <return>  to proceed.
If that doesn't work, type  X <return>  to quit.


/home/bobby/Projects/project-material/slides/20241007_nrw_workshop/slides.tex:191: Package xcolor Error: Undefined color `tub-blue'.

See the xcolor package documentation for explanation.
Type  H <return>  for immediate help.
 ...                                              
                                                  
l.191 \end{frame}
                 
Try typing  <return>  to proceed.
If that doesn't work, type  X <return>  to quit.


LaTeX Warning: File `resilient-logo.pdf' not found on input line 191.


/home/bobby/Projects/project-material/slides/20241007_nrw_workshop/slides.tex:191: Package pdftex.def Error: File `resilient-logo.pdf' not found: using draft setting.

See the pdftex.def package documentation for explanation.
Type  H <return>  for immediate help.
 ...                                              
                                                  
l.191 \end{frame}
                 
Try typing  <return>  to proceed.
If that doesn't work, type  X <return>  to quit.

[5

]

LaTeX Warning: File `resilient-logo.pdf' not found on input line 196.


/home/bobby/Projects/project-material/slides/20241007_nrw_workshop/slides.tex:196: Package pdftex.def Error: File `resilient-logo.pdf' not found: using draft setting.

See the pdftex.def package documentation for explanation.
Type  H <return>  for immediate help.
 ...                                              
                                                  
l.196 \end{frame}
                 
Try typing  <return>  to proceed.
If that doesn't work, type  X <return>  to quit.


LaTeX Warning: File `resilient-v3.1' not found on input line 196.


/home/bobby/Projects/project-material/slides/20241007_nrw_workshop/slides.tex:196: LaTeX Error: Unknown graphics extension: .1.

See the LaTeX manual or LaTeX Companion for explanation.
Type  H <return>  for immediate help.
 ...                                              
                                                  
l.196 \end{frame}
                 
Try typing  <return>  to proceed.
If that doesn't work, type  X <return>  to quit.




/home/bobby/Projects/project-material/slides/20241007_nrw_workshop/slides.tex:196: Package xcolor Error: Undefined color `tub-blue'.

See the xcolor package documentation for explanation.
Type  H <return>  for immediate help.
 ...                                              
                                                  
l.196 \end{frame}
                 
Try typing  <return>  to proceed.
If that doesn't work, type  X <return>  to quit.


/home/bobby/Projects/project-material/slides/20241007_nrw_workshop/slides.tex:196: Package xcolor Error: Undefined color `tub-blue'.

See the xcolor package documentation for explanation.
Type  H <return>  for immediate help.
 ...                                              
                                                  
l.196 \end{frame}
                 
Try typing  <return>  to proceed.
If that doesn't work, type  X <return>  to quit.


/home/bobby/Projects/project-material/slides/20241007_nrw_workshop/slides.tex:196: Package xcolor Error: Undefined color `tub-blue'.

See the xcolor package documentation for explanation.
Type  H <return>  for immediate help.
 ...                                              
                                                  
l.196 \end{frame}
                 
Try typing  <return>  to proceed.
If that doesn't work, type  X <return>  to quit.


/home/bobby/Projects/project-material/slides/20241007_nrw_workshop/slides.tex:196: Package xcolor Error: Undefined color `tub-blue'.

See the xcolor package documentation for explanation.
Type  H <return>  for immediate help.
 ...                                              
                                                  
l.196 \end{frame}
                 
Try typing  <return>  to proceed.
If that doesn't work, type  X <return>  to quit.


/home/bobby/Projects/project-material/slides/20241007_nrw_workshop/slides.tex:196: Package xcolor Error: Undefined color `tub-blue'.

See the xcolor package documentation for explanation.
Type  H <return>  for immediate help.
 ...                                              
                                                  
l.196 \end{frame}
                 
Try typing  <return>  to proceed.
If that doesn't work, type  X <return>  to quit.


/home/bobby/Projects/project-material/slides/20241007_nrw_workshop/slides.tex:196: Package xcolor Error: Undefined color `tub-blue'.

See the xcolor package documentation for explanation.
Type  H <return>  for immediate help.
 ...                                              
                                                  
l.196 \end{frame}
                 
Try typing  <return>  to proceed.
If that doesn't work, type  X <return>  to quit.


/home/bobby/Projects/project-material/slides/20241007_nrw_workshop/slides.tex:196: Package xcolor Error: Undefined color `tub-blue'.

See the xcolor package documentation for explanation.
Type  H <return>  for immediate help.
 ...                                              
                                                  
l.196 \end{frame}
                 
Try typing  <return>  to proceed.
If that doesn't work, type  X <return>  to quit.


/home/bobby/Projects/project-material/slides/20241007_nrw_workshop/slides.tex:196: Package xcolor Error: Undefined color `tub-blue'.

See the xcolor package documentation for explanation.
Type  H <return>  for immediate help.
 ...                                              
                                                  
l.196 \end{frame}
                 
Try typing  <return>  to proceed.
If that doesn't work, type  X <return>  to quit.


/home/bobby/Projects/project-material/slides/20241007_nrw_workshop/slides.tex:196: Package xcolor Error: Undefined color `tub-blue'.

See the xcolor package documentation for explanation.
Type  H <return>  for immediate help.
 ...                                              
                                                  
l.196 \end{frame}
                 
Try typing  <return>  to proceed.
If that doesn't work, type  X <return>  to quit.


/home/bobby/Projects/project-material/slides/20241007_nrw_workshop/slides.tex:196: Package xcolor Error: Undefined color `tub-blue'.

See the xcolor package documentation for explanation.
Type  H <return>  for immediate help.
 ...                                              
                                                  
l.196 \end{frame}
                 
Try typing  <return>  to proceed.
If that doesn't work, type  X <return>  to quit.


/home/bobby/Projects/project-material/slides/20241007_nrw_workshop/slides.tex:196: Package xcolor Error: Undefined color `tub-blue'.

See the xcolor package documentation for explanation.
Type  H <return>  for immediate help.
 ...                                              
                                                  
l.196 \end{frame}
                 
Try typing  <return>  to proceed.
If that doesn't work, type  X <return>  to quit.


/home/bobby/Projects/project-material/slides/20241007_nrw_workshop/slides.tex:196: Package xcolor Error: Undefined color `tub-blue'.

See the xcolor package documentation for explanation.
Type  H <return>  for immediate help.
 ...                                              
                                                  
l.196 \end{frame}
                 
Try typing  <return>  to proceed.
If that doesn't work, type  X <return>  to quit.


/home/bobby/Projects/project-material/slides/20241007_nrw_workshop/slides.tex:196: Package xcolor Error: Undefined color `tub-blue'.

See the xcolor package documentation for explanation.
Type  H <return>  for immediate help.
 ...                                              
                                                  
l.196 \end{frame}
                 
Try typing  <return>  to proceed.
If that doesn't work, type  X <return>  to quit.


/home/bobby/Projects/project-material/slides/20241007_nrw_workshop/slides.tex:196: Package xcolor Error: Undefined color `tub-blue'.

See the xcolor package documentation for explanation.
Type  H <return>  for immediate help.
 ...                                              
                                                  
l.196 \end{frame}
                 
Try typing  <return>  to proceed.
If that doesn't work, type  X <return>  to quit.


/home/bobby/Projects/project-material/slides/20241007_nrw_workshop/slides.tex:196: Package xcolor Error: Undefined color `tub-blue'.

See the xcolor package documentation for explanation.
Type  H <return>  for immediate help.
 ...                                              
                                                  
l.196 \end{frame}
                 
Try typing  <return>  to proceed.
If that doesn't work, type  X <return>  to quit.


/home/bobby/Projects/project-material/slides/20241007_nrw_workshop/slides.tex:196: Package xcolor Error: Undefined color `tub-blue'.

See the xcolor package documentation for explanation.
Type  H <return>  for immediate help.
 ...                                              
                                                  
l.196 \end{frame}
                 
Try typing  <return>  to proceed.
If that doesn't work, type  X <return>  to quit.


LaTeX Warning: File `resilient-logo.pdf' not found on input line 196.


/home/bobby/Projects/project-material/slides/20241007_nrw_workshop/slides.tex:196: Package pdftex.def Error: File `resilient-logo.pdf' not found: using draft setting.

See the pdftex.def package documentation for explanation.
Type  H <return>  for immediate help.
 ...                                              
                                                  
l.196 \end{frame}
                 
Try typing  <return>  to proceed.
If that doesn't work, type  X <return>  to quit.

[6

]

LaTeX Warning: File `resilient-logo.pdf' not found on input line 253.


/home/bobby/Projects/project-material/slides/20241007_nrw_workshop/slides.tex:253: Package pdftex.def Error: File `resilient-logo.pdf' not found: using draft setting.

See the pdftex.def package documentation for explanation.
Type  H <return>  for immediate help.
 ...                                              
                                                  
l.253 \end{frame}
                 
Try typing  <return>  to proceed.
If that doesn't work, type  X <return>  to quit.


Overfull \vbox (18.97508pt too high) detected at line 253
 []




/home/bobby/Projects/project-material/slides/20241007_nrw_workshop/slides.tex:253: Package xcolor Error: Undefined color `tub-blue'.

See the xcolor package documentation for explanation.
Type  H <return>  for immediate help.
 ...                                              
                                                  
l.253 \end{frame}
                 
Try typing  <return>  to proceed.
If that doesn't work, type  X <return>  to quit.


/home/bobby/Projects/project-material/slides/20241007_nrw_workshop/slides.tex:253: Package xcolor Error: Undefined color `tub-blue'.

See the xcolor package documentation for explanation.
Type  H <return>  for immediate help.
 ...                                              
                                                  
l.253 \end{frame}
                 
Try typing  <return>  to proceed.
If that doesn't work, type  X <return>  to quit.


/home/bobby/Projects/project-material/slides/20241007_nrw_workshop/slides.tex:253: Package xcolor Error: Undefined color `tub-blue'.

See the xcolor package documentation for explanation.
Type  H <return>  for immediate help.
 ...                                              
                                                  
l.253 \end{frame}
                 
Try typing  <return>  to proceed.
If that doesn't work, type  X <return>  to quit.


/home/bobby/Projects/project-material/slides/20241007_nrw_workshop/slides.tex:253: Package xcolor Error: Undefined color `tub-blue'.

See the xcolor package documentation for explanation.
Type  H <return>  for immediate help.
 ...                                              
                                                  
l.253 \end{frame}
                 
Try typing  <return>  to proceed.
If that doesn't work, type  X <return>  to quit.


/home/bobby/Projects/project-material/slides/20241007_nrw_workshop/slides.tex:253: Package xcolor Error: Undefined color `tub-blue'.

See the xcolor package documentation for explanation.
Type  H <return>  for immediate help.
 ...                                              
                                                  
l.253 \end{frame}
                 
Try typing  <return>  to proceed.
If that doesn't work, type  X <return>  to quit.


/home/bobby/Projects/project-material/slides/20241007_nrw_workshop/slides.tex:253: Package xcolor Error: Undefined color `tub-blue'.

See the xcolor package documentation for explanation.
Type  H <return>  for immediate help.
 ...                                              
                                                  
l.253 \end{frame}
                 
Try typing  <return>  to proceed.
If that doesn't work, type  X <return>  to quit.


/home/bobby/Projects/project-material/slides/20241007_nrw_workshop/slides.tex:253: Package xcolor Error: Undefined color `tub-blue'.

See the xcolor package documentation for explanation.
Type  H <return>  for immediate help.
 ...                                              
                                                  
l.253 \end{frame}
                 
Try typing  <return>  to proceed.
If that doesn't work, type  X <return>  to quit.


/home/bobby/Projects/project-material/slides/20241007_nrw_workshop/slides.tex:253: Package xcolor Error: Undefined color `tub-blue'.

See the xcolor package documentation for explanation.
Type  H <return>  for immediate help.
 ...                                              
                                                  
l.253 \end{frame}
                 
Try typing  <return>  to proceed.
If that doesn't work, type  X <return>  to quit.


/home/bobby/Projects/project-material/slides/20241007_nrw_workshop/slides.tex:253: Package xcolor Error: Undefined color `tub-blue'.

See the xcolor package documentation for explanation.
Type  H <return>  for immediate help.
 ...                                              
                                                  
l.253 \end{frame}
                 
Try typing  <return>  to proceed.
If that doesn't work, type  X <return>  to quit.


/home/bobby/Projects/project-material/slides/20241007_nrw_workshop/slides.tex:253: Package xcolor Error: Undefined color `tub-blue'.

See the xcolor package documentation for explanation.
Type  H <return>  for immediate help.
 ...                                              
                                                  
l.253 \end{frame}
                 
Try typing  <return>  to proceed.
If that doesn't work, type  X <return>  to quit.


/home/bobby/Projects/project-material/slides/20241007_nrw_workshop/slides.tex:253: Package xcolor Error: Undefined color `tub-blue'.

See the xcolor package documentation for explanation.
Type  H <return>  for immediate help.
 ...                                              
                                                  
l.253 \end{frame}
                 
Try typing  <return>  to proceed.
If that doesn't work, type  X <return>  to quit.


/home/bobby/Projects/project-material/slides/20241007_nrw_workshop/slides.tex:253: Package xcolor Error: Undefined color `tub-blue'.

See the xcolor package documentation for explanation.
Type  H <return>  for immediate help.
 ...                                              
                                                  
l.253 \end{frame}
                 
Try typing  <return>  to proceed.
If that doesn't work, type  X <return>  to quit.


/home/bobby/Projects/project-material/slides/20241007_nrw_workshop/slides.tex:253: Package xcolor Error: Undefined color `tub-blue'.

See the xcolor package documentation for explanation.
Type  H <return>  for immediate help.
 ...                                              
                                                  
l.253 \end{frame}
                 
Try typing  <return>  to proceed.
If that doesn't work, type  X <return>  to quit.


/home/bobby/Projects/project-material/slides/20241007_nrw_workshop/slides.tex:253: Package xcolor Error: Undefined color `tub-blue'.

See the xcolor package documentation for explanation.
Type  H <return>  for immediate help.
 ...                                              
                                                  
l.253 \end{frame}
                 
Try typing  <return>  to proceed.
If that doesn't work, type  X <return>  to quit.


/home/bobby/Projects/project-material/slides/20241007_nrw_workshop/slides.tex:253: Package xcolor Error: Undefined color `tub-blue'.

See the xcolor package documentation for explanation.
Type  H <return>  for immediate help.
 ...                                              
                                                  
l.253 \end{frame}
                 
Try typing  <return>  to proceed.
If that doesn't work, type  X <return>  to quit.


/home/bobby/Projects/project-material/slides/20241007_nrw_workshop/slides.tex:253: Package xcolor Error: Undefined color `tub-blue'.

See the xcolor package documentation for explanation.
Type  H <return>  for immediate help.
 ...                                              
                                                  
l.253 \end{frame}
                 
Try typing  <return>  to proceed.
If that doesn't work, type  X <return>  to quit.


LaTeX Warning: File `resilient-logo.pdf' not found on input line 253.


/home/bobby/Projects/project-material/slides/20241007_nrw_workshop/slides.tex:253: Package pdftex.def Error: File `resilient-logo.pdf' not found: using draft setting.

See the pdftex.def package documentation for explanation.
Type  H <return>  for immediate help.
 ...                                              
                                                  
l.253 \end{frame}
                 
Try typing  <return>  to proceed.
If that doesn't work, type  X <return>  to quit.

[7

]

LaTeX Warning: File `resilient-logo.pdf' not found on input line 263.


/home/bobby/Projects/project-material/slides/20241007_nrw_workshop/slides.tex:263: Package pdftex.def Error: File `resilient-logo.pdf' not found: using draft setting.

See the pdftex.def package documentation for explanation.
Type  H <return>  for immediate help.
 ...                                              
                                                  
l.263 \end{frame}
                 
Try typing  <return>  to proceed.
If that doesn't work, type  X <return>  to quit.


LaTeX Warning: File `Abbildung-CO2-Infrastrukturentwurf-NRW-cr-nrwenergy4climate.jpg' not found on input line 263.


/home/bobby/Projects/project-material/slides/20241007_nrw_workshop/slides.tex:263: Package pdftex.def Error: File `Abbildung-CO2-Infrastrukturentwurf-NRW-cr-nrwenergy4climate.jpg' not found: using draft setting.

See the pdftex.def package documentation for explanation.
Type  H <return>  for immediate help.
 ...                                              
                                                  
l.263 \end{frame}
                 
Try typing  <return>  to proceed.
If that doesn't work, type  X <return>  to quit.


/home/bobby/Projects/project-material/slides/20241007_nrw_workshop/slides.tex:263: Package xcolor Error: Undefined color `tub-blue'.

See the xcolor package documentation for explanation.
Type  H <return>  for immediate help.
 ...                                              
                                                  
l.263 \end{frame}
                 
Try typing  <return>  to proceed.
If that doesn't work, type  X <return>  to quit.


Overfull \vbox (22.49161pt too high) detected at line 263
 []




/home/bobby/Projects/project-material/slides/20241007_nrw_workshop/slides.tex:263: Package xcolor Error: Undefined color `tub-blue'.

See the xcolor package documentation for explanation.
Type  H <return>  for immediate help.
 ...                                              
                                                  
l.263 \end{frame}
                 
Try typing  <return>  to proceed.
If that doesn't work, type  X <return>  to quit.


/home/bobby/Projects/project-material/slides/20241007_nrw_workshop/slides.tex:263: Package xcolor Error: Undefined color `tub-blue'.

See the xcolor package documentation for explanation.
Type  H <return>  for immediate help.
 ...                                              
                                                  
l.263 \end{frame}
                 
Try typing  <return>  to proceed.
If that doesn't work, type  X <return>  to quit.


/home/bobby/Projects/project-material/slides/20241007_nrw_workshop/slides.tex:263: Package xcolor Error: Undefined color `tub-blue'.

See the xcolor package documentation for explanation.
Type  H <return>  for immediate help.
 ...                                              
                                                  
l.263 \end{frame}
                 
Try typing  <return>  to proceed.
If that doesn't work, type  X <return>  to quit.


/home/bobby/Projects/project-material/slides/20241007_nrw_workshop/slides.tex:263: Package xcolor Error: Undefined color `tub-blue'.

See the xcolor package documentation for explanation.
Type  H <return>  for immediate help.
 ...                                              
                                                  
l.263 \end{frame}
                 
Try typing  <return>  to proceed.
If that doesn't work, type  X <return>  to quit.


/home/bobby/Projects/project-material/slides/20241007_nrw_workshop/slides.tex:263: Package xcolor Error: Undefined color `tub-blue'.

See the xcolor package documentation for explanation.
Type  H <return>  for immediate help.
 ...                                              
                                                  
l.263 \end{frame}
                 
Try typing  <return>  to proceed.
If that doesn't work, type  X <return>  to quit.


/home/bobby/Projects/project-material/slides/20241007_nrw_workshop/slides.tex:263: Package xcolor Error: Undefined color `tub-blue'.

See the xcolor package documentation for explanation.
Type  H <return>  for immediate help.
 ...                                              
                                                  
l.263 \end{frame}
                 
Try typing  <return>  to proceed.
If that doesn't work, type  X <return>  to quit.


/home/bobby/Projects/project-material/slides/20241007_nrw_workshop/slides.tex:263: Package xcolor Error: Undefined color `tub-blue'.

See the xcolor package documentation for explanation.
Type  H <return>  for immediate help.
 ...                                              
                                                  
l.263 \end{frame}
                 
Try typing  <return>  to proceed.
If that doesn't work, type  X <return>  to quit.


/home/bobby/Projects/project-material/slides/20241007_nrw_workshop/slides.tex:263: Package xcolor Error: Undefined color `tub-blue'.

See the xcolor package documentation for explanation.
Type  H <return>  for immediate help.
 ...                                              
                                                  
l.263 \end{frame}
                 
Try typing  <return>  to proceed.
If that doesn't work, type  X <return>  to quit.


/home/bobby/Projects/project-material/slides/20241007_nrw_workshop/slides.tex:263: Package xcolor Error: Undefined color `tub-blue'.

See the xcolor package documentation for explanation.
Type  H <return>  for immediate help.
 ...                                              
                                                  
l.263 \end{frame}
                 
Try typing  <return>  to proceed.
If that doesn't work, type  X <return>  to quit.


/home/bobby/Projects/project-material/slides/20241007_nrw_workshop/slides.tex:263: Package xcolor Error: Undefined color `tub-blue'.

See the xcolor package documentation for explanation.
Type  H <return>  for immediate help.
 ...                                              
                                                  
l.263 \end{frame}
                 
Try typing  <return>  to proceed.
If that doesn't work, type  X <return>  to quit.


/home/bobby/Projects/project-material/slides/20241007_nrw_workshop/slides.tex:263: Package xcolor Error: Undefined color `tub-blue'.

See the xcolor package documentation for explanation.
Type  H <return>  for immediate help.
 ...                                              
                                                  
l.263 \end{frame}
                 
Try typing  <return>  to proceed.
If that doesn't work, type  X <return>  to quit.


/home/bobby/Projects/project-material/slides/20241007_nrw_workshop/slides.tex:263: Package xcolor Error: Undefined color `tub-blue'.

See the xcolor package documentation for explanation.
Type  H <return>  for immediate help.
 ...                                              
                                                  
l.263 \end{frame}
                 
Try typing  <return>  to proceed.
If that doesn't work, type  X <return>  to quit.


/home/bobby/Projects/project-material/slides/20241007_nrw_workshop/slides.tex:263: Package xcolor Error: Undefined color `tub-blue'.

See the xcolor package documentation for explanation.
Type  H <return>  for immediate help.
 ...                                              
                                                  
l.263 \end{frame}
                 
Try typing  <return>  to proceed.
If that doesn't work, type  X <return>  to quit.


/home/bobby/Projects/project-material/slides/20241007_nrw_workshop/slides.tex:263: Package xcolor Error: Undefined color `tub-blue'.

See the xcolor package documentation for explanation.
Type  H <return>  for immediate help.
 ...                                              
                                                  
l.263 \end{frame}
                 
Try typing  <return>  to proceed.
If that doesn't work, type  X <return>  to quit.


/home/bobby/Projects/project-material/slides/20241007_nrw_workshop/slides.tex:263: Package xcolor Error: Undefined color `tub-blue'.

See the xcolor package documentation for explanation.
Type  H <return>  for immediate help.
 ...                                              
                                                  
l.263 \end{frame}
                 
Try typing  <return>  to proceed.
If that doesn't work, type  X <return>  to quit.


/home/bobby/Projects/project-material/slides/20241007_nrw_workshop/slides.tex:263: Package xcolor Error: Undefined color `tub-blue'.

See the xcolor package documentation for explanation.
Type  H <return>  for immediate help.
 ...                                              
                                                  
l.263 \end{frame}
                 
Try typing  <return>  to proceed.
If that doesn't work, type  X <return>  to quit.


LaTeX Warning: File `resilient-logo.pdf' not found on input line 263.


/home/bobby/Projects/project-material/slides/20241007_nrw_workshop/slides.tex:263: Package pdftex.def Error: File `resilient-logo.pdf' not found: using draft setting.

See the pdftex.def package documentation for explanation.
Type  H <return>  for immediate help.
 ...                                              
                                                  
l.263 \end{frame}
                 
Try typing  <return>  to proceed.
If that doesn't work, type  X <return>  to quit.

[8

]

LaTeX Warning: File `resilient-logo.pdf' not found on input line 274.


/home/bobby/Projects/project-material/slides/20241007_nrw_workshop/slides.tex:274: Package pdftex.def Error: File `resilient-logo.pdf' not found: using draft setting.

See the pdftex.def package documentation for explanation.
Type  H <return>  for immediate help.
 ...                                              
                                                  
l.274 \end{frame}
                 
Try typing  <return>  to proceed.
If that doesn't work, type  X <return>  to quit.


Overfull \vbox (21.29446pt too high) detected at line 274
 []




/home/bobby/Projects/project-material/slides/20241007_nrw_workshop/slides.tex:274: Package xcolor Error: Undefined color `tub-blue'.

See the xcolor package documentation for explanation.
Type  H <return>  for immediate help.
 ...                                              
                                                  
l.274 \end{frame}
                 
Try typing  <return>  to proceed.
If that doesn't work, type  X <return>  to quit.


/home/bobby/Projects/project-material/slides/20241007_nrw_workshop/slides.tex:274: Package xcolor Error: Undefined color `tub-blue'.

See the xcolor package documentation for explanation.
Type  H <return>  for immediate help.
 ...                                              
                                                  
l.274 \end{frame}
                 
Try typing  <return>  to proceed.
If that doesn't work, type  X <return>  to quit.


/home/bobby/Projects/project-material/slides/20241007_nrw_workshop/slides.tex:274: Package xcolor Error: Undefined color `tub-blue'.

See the xcolor package documentation for explanation.
Type  H <return>  for immediate help.
 ...                                              
                                                  
l.274 \end{frame}
                 
Try typing  <return>  to proceed.
If that doesn't work, type  X <return>  to quit.


/home/bobby/Projects/project-material/slides/20241007_nrw_workshop/slides.tex:274: Package xcolor Error: Undefined color `tub-blue'.

See the xcolor package documentation for explanation.
Type  H <return>  for immediate help.
 ...                                              
                                                  
l.274 \end{frame}
                 
Try typing  <return>  to proceed.
If that doesn't work, type  X <return>  to quit.


/home/bobby/Projects/project-material/slides/20241007_nrw_workshop/slides.tex:274: Package xcolor Error: Undefined color `tub-blue'.

See the xcolor package documentation for explanation.
Type  H <return>  for immediate help.
 ...                                              
                                                  
l.274 \end{frame}
                 
Try typing  <return>  to proceed.
If that doesn't work, type  X <return>  to quit.


/home/bobby/Projects/project-material/slides/20241007_nrw_workshop/slides.tex:274: Package xcolor Error: Undefined color `tub-blue'.

See the xcolor package documentation for explanation.
Type  H <return>  for immediate help.
 ...                                              
                                                  
l.274 \end{frame}
                 
Try typing  <return>  to proceed.
If that doesn't work, type  X <return>  to quit.


/home/bobby/Projects/project-material/slides/20241007_nrw_workshop/slides.tex:274: Package xcolor Error: Undefined color `tub-blue'.

See the xcolor package documentation for explanation.
Type  H <return>  for immediate help.
 ...                                              
                                                  
l.274 \end{frame}
                 
Try typing  <return>  to proceed.
If that doesn't work, type  X <return>  to quit.


/home/bobby/Projects/project-material/slides/20241007_nrw_workshop/slides.tex:274: Package xcolor Error: Undefined color `tub-blue'.

See the xcolor package documentation for explanation.
Type  H <return>  for immediate help.
 ...                                              
                                                  
l.274 \end{frame}
                 
Try typing  <return>  to proceed.
If that doesn't work, type  X <return>  to quit.


/home/bobby/Projects/project-material/slides/20241007_nrw_workshop/slides.tex:274: Package xcolor Error: Undefined color `tub-blue'.

See the xcolor package documentation for explanation.
Type  H <return>  for immediate help.
 ...                                              
                                                  
l.274 \end{frame}
                 
Try typing  <return>  to proceed.
If that doesn't work, type  X <return>  to quit.


/home/bobby/Projects/project-material/slides/20241007_nrw_workshop/slides.tex:274: Package xcolor Error: Undefined color `tub-blue'.

See the xcolor package documentation for explanation.
Type  H <return>  for immediate help.
 ...                                              
                                                  
l.274 \end{frame}
                 
Try typing  <return>  to proceed.
If that doesn't work, type  X <return>  to quit.


/home/bobby/Projects/project-material/slides/20241007_nrw_workshop/slides.tex:274: Package xcolor Error: Undefined color `tub-blue'.

See the xcolor package documentation for explanation.
Type  H <return>  for immediate help.
 ...                                              
                                                  
l.274 \end{frame}
                 
Try typing  <return>  to proceed.
If that doesn't work, type  X <return>  to quit.


/home/bobby/Projects/project-material/slides/20241007_nrw_workshop/slides.tex:274: Package xcolor Error: Undefined color `tub-blue'.

See the xcolor package documentation for explanation.
Type  H <return>  for immediate help.
 ...                                              
                                                  
l.274 \end{frame}
                 
Try typing  <return>  to proceed.
If that doesn't work, type  X <return>  to quit.


/home/bobby/Projects/project-material/slides/20241007_nrw_workshop/slides.tex:274: Package xcolor Error: Undefined color `tub-blue'.

See the xcolor package documentation for explanation.
Type  H <return>  for immediate help.
 ...                                              
                                                  
l.274 \end{frame}
                 
Try typing  <return>  to proceed.
If that doesn't work, type  X <return>  to quit.


/home/bobby/Projects/project-material/slides/20241007_nrw_workshop/slides.tex:274: Package xcolor Error: Undefined color `tub-blue'.

See the xcolor package documentation for explanation.
Type  H <return>  for immediate help.
 ...                                              
                                                  
l.274 \end{frame}
                 
Try typing  <return>  to proceed.
If that doesn't work, type  X <return>  to quit.


/home/bobby/Projects/project-material/slides/20241007_nrw_workshop/slides.tex:274: Package xcolor Error: Undefined color `tub-blue'.

See the xcolor package documentation for explanation.
Type  H <return>  for immediate help.
 ...                                              
                                                  
l.274 \end{frame}
                 
Try typing  <return>  to proceed.
If that doesn't work, type  X <return>  to quit.


/home/bobby/Projects/project-material/slides/20241007_nrw_workshop/slides.tex:274: Package xcolor Error: Undefined color `tub-blue'.

See the xcolor package documentation for explanation.
Type  H <return>  for immediate help.
 ...                                              
                                                  
l.274 \end{frame}
                 
Try typing  <return>  to proceed.
If that doesn't work, type  X <return>  to quit.


LaTeX Warning: File `resilient-logo.pdf' not found on input line 274.


/home/bobby/Projects/project-material/slides/20241007_nrw_workshop/slides.tex:274: Package pdftex.def Error: File `resilient-logo.pdf' not found: using draft setting.

See the pdftex.def package documentation for explanation.
Type  H <return>  for immediate help.
 ...                                              
                                                  
l.274 \end{frame}
                 
Try typing  <return>  to proceed.
If that doesn't work, type  X <return>  to quit.

[9

]

LaTeX Warning: File `resilient-logo.pdf' not found on input line 285.


/home/bobby/Projects/project-material/slides/20241007_nrw_workshop/slides.tex:285: Package pdftex.def Error: File `resilient-logo.pdf' not found: using draft setting.

See the pdftex.def package documentation for explanation.
Type  H <return>  for immediate help.
 ...                                              
                                                  
l.285 \end{frame}
                 
Try typing  <return>  to proceed.
If that doesn't work, type  X <return>  to quit.




/home/bobby/Projects/project-material/slides/20241007_nrw_workshop/slides.tex:285: Package xcolor Error: Undefined color `tub-blue'.

See the xcolor package documentation for explanation.
Type  H <return>  for immediate help.
 ...                                              
                                                  
l.285 \end{frame}
                 
Try typing  <return>  to proceed.
If that doesn't work, type  X <return>  to quit.


/home/bobby/Projects/project-material/slides/20241007_nrw_workshop/slides.tex:285: Package xcolor Error: Undefined color `tub-blue'.

See the xcolor package documentation for explanation.
Type  H <return>  for immediate help.
 ...                                              
                                                  
l.285 \end{frame}
                 
Try typing  <return>  to proceed.
If that doesn't work, type  X <return>  to quit.


/home/bobby/Projects/project-material/slides/20241007_nrw_workshop/slides.tex:285: Package xcolor Error: Undefined color `tub-blue'.

See the xcolor package documentation for explanation.
Type  H <return>  for immediate help.
 ...                                              
                                                  
l.285 \end{frame}
                 
Try typing  <return>  to proceed.
If that doesn't work, type  X <return>  to quit.


/home/bobby/Projects/project-material/slides/20241007_nrw_workshop/slides.tex:285: Package xcolor Error: Undefined color `tub-blue'.

See the xcolor package documentation for explanation.
Type  H <return>  for immediate help.
 ...                                              
                                                  
l.285 \end{frame}
                 
Try typing  <return>  to proceed.
If that doesn't work, type  X <return>  to quit.


/home/bobby/Projects/project-material/slides/20241007_nrw_workshop/slides.tex:285: Package xcolor Error: Undefined color `tub-blue'.

See the xcolor package documentation for explanation.
Type  H <return>  for immediate help.
 ...                                              
                                                  
l.285 \end{frame}
                 
Try typing  <return>  to proceed.
If that doesn't work, type  X <return>  to quit.


/home/bobby/Projects/project-material/slides/20241007_nrw_workshop/slides.tex:285: Package xcolor Error: Undefined color `tub-blue'.

See the xcolor package documentation for explanation.
Type  H <return>  for immediate help.
 ...                                              
                                                  
l.285 \end{frame}
                 
Try typing  <return>  to proceed.
If that doesn't work, type  X <return>  to quit.


/home/bobby/Projects/project-material/slides/20241007_nrw_workshop/slides.tex:285: Package xcolor Error: Undefined color `tub-blue'.

See the xcolor package documentation for explanation.
Type  H <return>  for immediate help.
 ...                                              
                                                  
l.285 \end{frame}
                 
Try typing  <return>  to proceed.
If that doesn't work, type  X <return>  to quit.


/home/bobby/Projects/project-material/slides/20241007_nrw_workshop/slides.tex:285: Package xcolor Error: Undefined color `tub-blue'.

See the xcolor package documentation for explanation.
Type  H <return>  for immediate help.
 ...                                              
                                                  
l.285 \end{frame}
                 
Try typing  <return>  to proceed.
If that doesn't work, type  X <return>  to quit.


/home/bobby/Projects/project-material/slides/20241007_nrw_workshop/slides.tex:285: Package xcolor Error: Undefined color `tub-blue'.

See the xcolor package documentation for explanation.
Type  H <return>  for immediate help.
 ...                                              
                                                  
l.285 \end{frame}
                 
Try typing  <return>  to proceed.
If that doesn't work, type  X <return>  to quit.


/home/bobby/Projects/project-material/slides/20241007_nrw_workshop/slides.tex:285: Package xcolor Error: Undefined color `tub-blue'.

See the xcolor package documentation for explanation.
Type  H <return>  for immediate help.
 ...                                              
                                                  
l.285 \end{frame}
                 
Try typing  <return>  to proceed.
If that doesn't work, type  X <return>  to quit.


/home/bobby/Projects/project-material/slides/20241007_nrw_workshop/slides.tex:285: Package xcolor Error: Undefined color `tub-blue'.

See the xcolor package documentation for explanation.
Type  H <return>  for immediate help.
 ...                                              
                                                  
l.285 \end{frame}
                 
Try typing  <return>  to proceed.
If that doesn't work, type  X <return>  to quit.


/home/bobby/Projects/project-material/slides/20241007_nrw_workshop/slides.tex:285: Package xcolor Error: Undefined color `tub-blue'.

See the xcolor package documentation for explanation.
Type  H <return>  for immediate help.
 ...                                              
                                                  
l.285 \end{frame}
                 
Try typing  <return>  to proceed.
If that doesn't work, type  X <return>  to quit.


/home/bobby/Projects/project-material/slides/20241007_nrw_workshop/slides.tex:285: Package xcolor Error: Undefined color `tub-blue'.

See the xcolor package documentation for explanation.
Type  H <return>  for immediate help.
 ...                                              
                                                  
l.285 \end{frame}
                 
Try typing  <return>  to proceed.
If that doesn't work, type  X <return>  to quit.


/home/bobby/Projects/project-material/slides/20241007_nrw_workshop/slides.tex:285: Package xcolor Error: Undefined color `tub-blue'.

See the xcolor package documentation for explanation.
Type  H <return>  for immediate help.
 ...                                              
                                                  
l.285 \end{frame}
                 
Try typing  <return>  to proceed.
If that doesn't work, type  X <return>  to quit.


/home/bobby/Projects/project-material/slides/20241007_nrw_workshop/slides.tex:285: Package xcolor Error: Undefined color `tub-blue'.

See the xcolor package documentation for explanation.
Type  H <return>  for immediate help.
 ...                                              
                                                  
l.285 \end{frame}
                 
Try typing  <return>  to proceed.
If that doesn't work, type  X <return>  to quit.


/home/bobby/Projects/project-material/slides/20241007_nrw_workshop/slides.tex:285: Package xcolor Error: Undefined color `tub-blue'.

See the xcolor package documentation for explanation.
Type  H <return>  for immediate help.
 ...                                              
                                                  
l.285 \end{frame}
                 
Try typing  <return>  to proceed.
If that doesn't work, type  X <return>  to quit.


LaTeX Warning: File `resilient-logo.pdf' not found on input line 285.


/home/bobby/Projects/project-material/slides/20241007_nrw_workshop/slides.tex:285: Package pdftex.def Error: File `resilient-logo.pdf' not found: using draft setting.

See the pdftex.def package documentation for explanation.
Type  H <return>  for immediate help.
 ...                                              
                                                  
l.285 \end{frame}
                 
Try typing  <return>  to proceed.
If that doesn't work, type  X <return>  to quit.

[10

]
\tf@nav=\write6
\openout6 = `slides.nav'.

\tf@toc=\write7
\openout7 = `slides.toc'.

\tf@snm=\write8
\openout8 = `slides.snm'.



LaTeX Warning: Hook 'shipout/lastpage' executed on wrong page (1 not 10).
               Rerun to correct this.

(./slides.aux)
 ***********
LaTeX2e <2025-06-01> patch level 1
L3 programming layer <2025-07-19>
 ***********


Package rerunfilecheck Warning: File `slides.out' has changed.
(rerunfilecheck)                Rerun to get outlines right
(rerunfilecheck)                or use package `bookmark'.

Package rerunfilecheck Info: Checksums for `slides.out':
(rerunfilecheck)             Before: <no file>
(rerunfilecheck)             After:  D41D8CD98F00B204E9800998ECF8427E;0.
 ) 
Here is how much of TeX's memory you used:
 29411 strings out of 467816
 583885 string characters out of 5427048
 992444 words of memory out of 5000000
 57375 multiletter control sequences out of 15000+600000
 654285 words of font info for 90 fonts, out of 8000000 for 9000
 1141 hyphenation exceptions out of 8191
 128i,15n,123p,910b,1010s stack positions out of 10000i,1000n,20000p,200000b,200000s
</home/bobby/Software/texlive/2025/texmf-dist/fonts/type1/google/roboto/Roboto-Regular.pfb></home/bobby/Software/texlive/2025/texmf-dist/fonts/type1/public/ccicons/ccicons.pfb></home/bobby/Software/texlive/2025/texmf-dist/fonts/type1/public/amsfonts/cm/cmsy10.pfb></home/bobby/Software/texlive/2025/texmf-dist/fonts/type1/public/amsfonts/cm/cmtt10.pfb></home/bobby/Software/texlive/2025/texmf-dist/fonts/type1/public/amsfonts/cm/cmtt8.pfb></home/bobby/Software/texlive/2025/texmf-dist/fonts/type1/public/amsfonts/cm/cmtt9.pfb>
Output written on slides.pdf (10 pages, 112817 bytes).
PDF statistics:
 312 PDF objects out of 1000 (max. 8388607)
 278 compressed objects within 3 object streams
 21 named destinations out of 1000 (max. 500000)
 47 words of extra memory for PDF output out of 10000 (max. 10000000)

